Airport (IATA),Airport (Name),Airport (City),Country (Name),Latitude,Longitude
04G,Lansdowne Airport,Youngstown,United States,41.1304722,-80.6195833
06A,Moton Field Municipal Airport,Tuskegee,United States,32.4605722,-85.6800278
06C,Schaumburg Regional,Schaumburg,United States,41.9893408,-88.1012428
06N,Randall Airport,Middletown,United States,41.431912,-74.3915611
09J,Jekyll Island Airport,Jekyll Island,United States,31.0744722,-81.4277778
0A9,Elizabethton Municipal Airport,Elizabethton,United States,36.3712222,-82.1734167
0G6,Williams County Airport,Bryan,United States,41.4673056,-84.5067778
0G7,Finger Lakes Regional Airport,Seneca Falls,United States,42.8835647,-76.7812318
0P2,Shoestring Aviation Airfield,Stewartstown,United States,39.7948244,-76.6471914
0S9,Jefferson County Intl,Port Townsend,United States,48.0538086,-122.8106436
0W3,Harford County Airport,Churchville,United States,39.5668378,-76.2024028
10C,Galt Field Airport,Greenwood,United States,42.4028889,-88.3751111
17G,Port Bucyrus-Crawford County Airport,Bucyrus,United States,40.7815556,-82.9748056
19A,Jackson County Airport,Jefferson,United States,34.1758638,-83.5615972
1A3,Martin Campbell Field Airport,Copperhead,United States,35.0158056,-84.3468333
1B9,Mansfield Municipal,Mansfield,United States,42.0001331,-71.1967714
1C9,Frazier Lake Airpark,Hollister,United States,54.01333333,-124.7683333
1CS,Clow International Airport,Bolingbrook,United States,41.6959744,-88.1292306
1G3,Kent State Airport,Kent,United States,41.1513889,-81.4151111
1OH,Fortman Airport,St. Marys,United States,40.5553253,-84.3866186
1RL,Point Roberts Airpark,Point Roberts,United States,48.9797222,-123.0788889
24C,Lowell City Airport,Lowell,United States,42.95392,-85.3439058
24J,Suwannee County Airport,Live Oak,United States,30.300125,-83.0246944
25D,Forest Lake Airport,Forest Lake,United States,45.2477456,-92.9943853
29D,Grove City Airport,Grove City,United States,41.1460278,-80.16775
2A0,Mark Anton Airport,Dayton,United States,35.48625,-84.9310833
2G2,Jefferson County Airpark,Steubenville,United States,40.3602179,-80.7008742
2G9,Somerset County Airport,Somerset,United States,40.0388708,-79.0149951
2J9,Quincy Municipal Airport,Quincy,United States,30.5978708,-84.557425
36U,Heber City Municipal Airport,Heber,United States,40.4818056,-111.4288056
38W,Lynden Airport,Lynden,United States,48.9558961,-122.4581183
3D2,Ephraim-Gibraltar Airport,Ephraim,United States,45.1354167,-87.1879444
3G3,Wadsworth Municipal,Wadsworth,United States,41.0031572,-81.7564401
3G4,Ashland County Airport,Ashland,United States,40.9029722,-82.2556389
3J1,Ridgeland Airport,Ridgeland,United States,32.4934167,-80.99175
3W2,Put-in-Bay Airport,Put-in-Bay,United States,41.3521,-82.497
40J,Perry-Foley Airport,Perry,United States,30.0692778,-83.5805833
41N,Braceville Airport,Braceville,United States,41.2111675,-80.9692572
47A,Cherokee County Airport,Canton,United States,34.3122175,-84.4221556
49A,Gilmer County Airport,Ellijay,United States,34.6282222,-84.5265833
49X,Chemehuevi Valley,Chemehuevi Valley,United States,34.528889,-114.431971
4A4,Polk County Airport - Cornelius Moore Field,Cedartown,United States,34.0186944,-85.1464722
4A7,Clayton County Tara Field,Hampton,United States,33.389099,-84.332397
4A9,Isbell Field Airport,Fort Payne,United States,34.4736944,-85.7213889
4B8,Robertson Field,Plainville,United States,41.6893333,-72.8646944
4G0,Pittsburgh-Monroeville Airport,Monroeville,United States,40.4526389,-79.7749167
4G2,Hamburg Inc Airport,Hamburg,United States,42.7008925,-78.9147569
4G4,Youngstown Elser Metro Airport,Youngstown,United States,40.9617953,-80.6773264
4I7,Putnam County Airport,Greencastle,United States,39.6335556,-86.8138056
4U9,Dell Flight Strip,Dell,United States,44.7357483,-112.7200133
52A,Madison GA Municipal Airport,Madison,United States,33.612125,-83.4604444
54J,DeFuniak Springs Airport,DeFuniak Springs,United States,30.7311111,-86.1537778
55J,Fernandina Beach Municipal Airport,Fernandina Beach,United States,30.6118333,-81.4611944
57C,East Troy Municipal Airport,East Troy,United States,42.7971667,-88.3726111
60J,Ocean Isle Beach Airport,Ocean Isle Beach,United States,33.9085056,-78.4366722
6A2,Griffin-Spalding County Airport,Griffin,United States,33.2269722,-84.2749444
6K8,Tok Junction Airport,Tok,United States,63.329444,-142.953611
6S0,Big Timber Airport,Big Timber,United States,45.8063889,-109.9811111
6S2,Florence,Florence,United States,43.9828168,-124.1113687
6Y8,Welke Airport,Beaver Island,United States,45.721111,-85.520278
70J,Cairo-Grady County Airport,Cairo,United States,30.8879767,-84.1547353
70N,Spring Hill Airport,Sterling,United States,41.3473569,-75.4158972
7A4,Foster Field,Apple River,United States,42.4664444,-90.1693889
7D9,Germack Airport,Geneva,United States,41.7778322,-80.9039797
7N7,Spitfire Aerodrome,Pedricktown,United States,39.7355633,-75.3977211
8M8,Garland Airport,Lewiston,United States,44.8065278,-84.2761944
93C,Richland Airport,Richland Center,United States,43.2833575,-90.2982819
99N,Bamberg County Airport,Bamberg,United States,33.3045278,-81.1084167
9A1,Covington Municipal Airport,Covington,United States,33.6323083,-83.8474472
9A5,Barwick Lafayette Airport,LaFayette,United States,34.6884792,-85.2903319
A39,Phoenix Regional Airport,Phoenix,United States,32.99169922,-111.9209976
AAF,Apalachicola Regional Airport,Apalachicola,United States,29.7276066,-85.0274416
ABE,Lehigh Valley Intl,Allentown,United States,40.652083,-75.440806
ABI,Abilene Rgnl,Abilene,United States,32.411319,-99.681897
ABL,Ambler Airport,Ambler,United States,67.106389,-157.8575
ABQ,Albuquerque International Sunport,Albuquerque,United States,35.0402222,-106.6091944
ABR,Aberdeen Regional Airport,Aberdeen,United States,45.4491,-98.4218
ABY,Southwest Georgia Regional Airport,Albany,United States,31.5355,-84.1945
ACK,Nantucket Mem,Nantucket,United States,41.253053,-70.060181
ACT,Waco Rgnl,Waco,United States,31.611289,-97.230519
ACV,Arcata,Arcata CA,United States,40.978111,-124.108611
ACY,Atlantic City Intl,Atlantic City,United States,39.457583,-74.577167
ADK,Adak Airport,Adak Island,United States,51.878,-176.646
ADM,Ardmore Muni,Ardmore,United States,34.300833,-97.008889
ADQ,Kodiak,Kodiak,United States,57.749967,-152.493856
ADS,Addison,Addison,United States,32.9685594,-96.8364478
ADW,Andrews Afb,Camp Springs,United States,38.810806,-76.867028
AET,Allakaket Airport,Allakaket,United States,66.5519,-152.6222
AEX,Alexandria Intl,Alexandria,United States,31.3274,-92.549833
AFE,Kake Airport,Kake,United States,56.961389,-133.910278
AFW,Fort Worth Alliance Airport,Fort Worth,United States,32.987778,-97.318889
AGC,Allegheny County Airport,Pittsburgh,United States,40.3544,-79.9302
AGN,Angoon Seaplane Base,Angoon,United States,57.503611,-134.585
AGS,Augusta Rgnl At Bush Fld,Bush Field,United States,33.369944,-81.9645
AHN,Athens Ben Epps Airport,Athens,United States,33.9486,-83.3263
AIA,Alliance Municipal Airport,Alliance,United States,42.053333,-102.803889
AIK,Municipal Airport,Aiken,United States,33.6493889,-81.6850278
AIN,Wainwright Airport,Wainwright,United States,70.638056,-159.994722
AIZ,Lee C Fine Memorial Airport,Kaiser Lake Ozark,United States,38.096035,-92.5494875
AKB,Atka Airport,Atka,United States,52.220278,-174.206389
AKC,Akron Fulton Intl,Akron,United States,41.0375,-81.466917
AKI,Akiak Airport,Akiak,United States,60.902778,-161.230556
AKK,Akhiok Airport,Akhiok,United States,56.938611,-154.1825
AKN,King Salmon,King Salmon,United States,58.676778,-156.649278
AKP,Anaktuvuk Pass Airport,Anaktuvuk Pass,United States,68.1336,-151.743
ALB,Albany Intl,Albany,United States,42.748267,-73.801692
ALI,Alice Intl,Alice,United States,27.740889,-98.026944
ALM,Alamogordo White Sands Regional Airport,Alamogordo,United States,32.8399,-105.991
ALO,Waterloo Regional Airport,Waterloo,United States,42.5571,-92.4003
ALS,San Luis Valley Regional Airport,Alamosa,United States,37.435,-105.866667
ALW,Walla Walla Regional Airport,Walla Walla,United States,46.0949,-118.288
ALX,Alexandria,Alexandria,United States,38.806346,-77.0621
ALZ,Alitak Seaplane Base,Lazy Bay,United States,56.899444,-154.247778
AMA,Rick Husband Amarillo Intl,Amarillo,United States,35.219369,-101.705931
ANB,Anniston Metro,Anniston,United States,33.588167,-85.858111
ANC,Ted Stevens Anchorage Intl,Anchorage,United States,61.174361,-149.996361
AND,Anderson Rgnl,Andersen,United States,34.494583,-82.709389
ANI,Aniak Airport,Aniak,United States,61.5816,-159.543
ANN,Annette Island,Annette Island,United States,55.042436,-131.572233
ANP,Lee Airport,Annapolis,United States,38.942778,-76.568333
ANQ,Tri-State Steuben County Airport,Angola,United States,41.6396983,-85.0834933
ANV,Anvik Airport,Anvik,United States,62.6467,-160.191
AOH,Lima Allen County Airport,Lima,United States,40.707478,-84.0270781
AOO,Altoona Blair Co,Altoona,United States,40.296372,-78.320022
AOS,Amook Bay Seaplane Base,Amook Bay,United States,57.471389,-153.815278
APA,Centennial,Denver,United States,39.570129,-104.849294
APC,Napa County Airport,Napa,United States,38.2131944,-122.2806944
APF,Naples Muni,Naples,United States,26.152619,-81.775294
APG,Phillips Aaf,Aberdeen,United States,39.466219,-76.168808
APN,Alpena County Regional Airport,Alpena,United States,45.0781,-83.5603
AQC,Klawock Seaplane Base,Klawock,United States,55.554658,-133.101693
ARA,Acadiana Rgnl,Louisiana,United States,30.037758,-91.883896
ARB,Ann Arbor Municipal Airport,Ann Arbor,United States,42.132274,-83.444418
ARC,Arctic Village Airport,Arctic Village,United States,68.1147,-145.579
ART,Watertown Intl,Watertown,United States,43.991922,-76.021739
ARV,Lakeland,Minocqua - Woodruff,United States,45.927778,-89.730833
ASE,Aspen Pitkin County Sardy Field,Aspen,United States,39.2232,-106.869
ASH,Boire Field Airport,Nashua,United States,42.78175,-71.5147778
AST,Astoria Regional Airport,Astoria,United States,46.157972,-123.878694
ATK,Atqasuk Edward Burnell Sr Memorial Airport,Atqasuk,United States,70.4673,-157.436
ATL,Hartsfield Jackson Atlanta Intl,Atlanta,United States,33.636719,-84.428067
ATT,Camp Mabry Austin City,Austin TX,United States,30.31666,-97.7666
ATW,Appleton,Appleton,United States,44.257526,-88.507576
ATY,Watertown Regional Airport,Watertown,United States,44.914,-97.1547
AUG,Augusta State,Augusta,United States,44.320647,-69.797317
AUK,Alakanuk Airport,Alakanuk,United States,62.68,-164.66
AUS,Austin Bergstrom Intl,Austin,United States,30.194528,-97.669889
AUW,Wausau Downtown Airport,Wausau,United States,44.9262845,-89.6270018
AVL,Asheville Regional Airport,Asheville,United States,35.436194,-82.541806
AVO,Executive,Avon Park,United States,27.591389,-81.528889
AVP,Wilkes Barre Scranton Intl,Scranton,United States,41.338478,-75.723403
AVW,Marana Regional,Tucson,United States,32.409556,-111.218388
AVX,Avalon,Catalina Island,United States,33.405,-118.415833
AZA,Phoenix-Mesa Gateway,Mesa,United States,33.307833,-111.655
AZO,Kalamazoo,Kalamazoo,United States,42.234875,-85.552058
BAB,Beale Afb,Marysville,United States,39.136089,-121.436567
BAD,Barksdale Afb,Shreveport,United States,32.50182,-93.662674
BAF,Barnes Municipal,Westfield,United States,42.1579472,-72.715875
BBX,Wings Field,Philadelphia,United States,40.1375,-75.265
BCE,Bryce Canyon,Bryce Canyon,United States,37.706444,-112.145806
BCT,Boca Raton,Boca Raton,United States,26.3785,-80.107694
BDE,Baudette Intl,Baudette,United States,48.728444,-94.612222
BDL,Bradley Intl,Windsor Locks,United States,41.938889,-72.683222
BDR,Igor I Sikorsky Mem,Stratford,United States,41.163472,-73.126167
BEC,Beech Factory Airport,Wichita,United States,37.6939167,-97.2149167
BED,Laurence G Hanscom Fld,Bedford,United States,42.469953,-71.289031
BEH,Southwest Michigan Regional Airport,Benton Harbor,United States,42.1285833,-86.4285
BET,Bethel,Bethel,United States,60.779778,-161.838
BFD,Bradford Regional Airport,Bradford,United States,41.8031,-78.6401
BFF,Western Nebraska Regional Airport,Scottsbluff,United States,41.874,-103.596
BFI,Boeing Fld King Co Intl,Seattle,United States,47.53,-122.301947
BFL,Meadows Fld,Bakersfield,United States,35.433598,-119.05677
BFM,Mobile Downtown,Mobile,United States,30.626783,-88.068092
BFP,Beaver Falls,Beaver Falls,United States,40.7724722,-80.3914444
BFT,Beaufort,Beaufort,United States,32.477411,-80.723161
BFT2,BFT County Airport,Beauford,United States,32.41083,-80.635
BGE,Decatur County Industrial Air Park,Bainbridge,United States,30.9715981,-84.6369278
BGM,Greater Binghamton Edwin A Link Fld,Binghamton,United States,42.208689,-75.979839
BGR,Bangor Intl,Bangor,United States,44.807444,-68.828139
BHB,Hancock County - Bar Harbor,Bar Harbor,United States,44.4497689,-68.3615653
BHM,Birmingham Intl,Birmingham,United States,33.562942,-86.75355
BID,Block Island State Airport,Block Island,United States,41.168056,-71.577778
BIF,Biggs Aaf,El Paso,United States,31.849528,-106.380039
BIG,Allen Aaf,Delta Junction,United States,63.994547,-145.721642
BIL,Billings Logan International Airport,Billings,United States,45.80921,-108.537654
BIS,Bismarck Municipal Airport,Bismarck,United States,46.775842,-100.757931
BIV,Tulip City Airport,Holland,United States,42.7427778,-86.1078333
BIX,Keesler Afb,Biloxi,United States,30.410425,-88.924433
BJC,Rocky Mountain Metropolitan Airport,Broomfield-CO,United States,39.90888888,-105.1172222
BJI,Bemidji Regional Airport,Bemidji,United States,47.510722,-94.934722
BKC,Buckland Airport,Buckland,United States,65.981667,-161.149167
BKD,Stephens Co,Breckenridge,United States,32.719047,-98.891
BKF,Buckley Afb,Buckley,United States,39.701668,-104.75166
BKG,Branson LLC,Branson,United States,36.531994,-93.200556
BKH,Barking Sands Pmrf,Barking Sands,United States,22.022833,-159.785
BKL,Burke Lakefront Airport,Cleveland,United States,41.5175,-81.683333
BKW,Raleigh County Memorial Airport,Beckley,United States,37.7873,-81.1242
BKX,Brookings Regional Airport,Brookings,United States,44.3048,-96.8169
BLD,Boulder City Municipal Airport,Boulder City,United States,35.5651,-114.514
BLF,Mercer County Airport,Bluefield,United States,37.2958,-81.2077
BLH,Blythe Airport,Blythe,United States,33.619167,-114.716889
BLI,Bellingham Intl,Bellingham,United States,48.792694,-122.537528
BLV,Scott Afb Midamerica,Belleville,United States,38.545178,-89.835183
BMC,Brigham City,Brigham City,United States,41.552,-112.062
BMG,Monroe County Airport,Bloomington,United States,39.1460208,-86.6166805
BMI,Central Illinois Rgnl,Bloomington,United States,40.477111,-88.915917
BMX,Big Mountain Afs,Big Mountain,United States,59.361247,-155.258822
BNA,Nashville Intl,Nashville,United States,36.124472,-86.678194
BOI,Boise Air Terminal,Boise,United States,43.564361,-116.222861
BOS,General Edward Lawrence Logan Intl,Boston,United States,42.364347,-71.005181
BOW,Bartow Municipal Airport,Bartow,United States,27.9434,-81.7834
BPT,Southeast Texas Rgnl,Beaumont,United States,29.950833,-94.020694
BQK,Brunswick Golden Isles Airport,Brunswick,United States,31.2588,-81.4665
BRD,Brainerd Lakes Rgnl,Brainerd,United States,46.398308,-94.138078
BRL,Southeast Iowa Regional Airport,Burlington,United States,40.7832,-91.1255
BRO,Brownsville South Padre Island Intl,Brownsville,United States,25.906833,-97.425861
BRW,Wiley Post Will Rogers Mem,Barrow,United States,71.285446,-156.766003
BSF,Bradshaw Aaf,Bradshaw Field,United States,19.760056,-155.553717
BTI,Barter Island Lrrs,Barter Island,United States,70.133989,-143.581867
BTM,Bert Mooney Airport,Butte,United States,45.954806,-112.497472
BTR,Baton Rouge Metro Ryan Fld,Baton Rouge,United States,30.533167,-91.149639
BTT,Bettles,Bettles,United States,66.913944,-151.529056
BTV,Burlington Intl,Burlington,United States,44.471861,-73.153278
BUF,Buffalo Niagara Intl,Buffalo,United States,42.940525,-78.732167
BUR,Bob Hope,Burbank,United States,34.200667,-118.358667
BUU,Municipal Airport,Burlington,United States,42.6907171,-88.3046825
BUY,Burlington-Alamance Regional Airport,Burlington,United States,36.0485433,-79.4748892
BVY,Beverly Municipal Airport,Beverly,United States,42.584141,-70.9161444
BWD,KBWD,Brownwood,United States,31.7936111,-98.9565
BWG,Bowling Green-Warren County Regional Airport,Bowling Green,United States,36.9645278,-86.4196667
BWI,Baltimore Washington Intl,Baltimore,United States,39.175361,-76.668333
BXK,Buckeye Municipal Airport,Buckeye,United States,33.420417,-112.68618
BXS,Borrego Valley Airport,Borrego Springs,United States,33.2590278,-116.3209722
BYH,Arkansas Intl,Blytheville,United States,35.964347,-89.943956
BYS,Bicycle Lake Aaf,Fort Irwin,United States,35.280531,-116.630031
BYW,Blakely Island Airport,Blakely Island,United States,48.56025,-122.80243
BZN,Gallatin Field,Bozeman,United States,45.777643,-111.160151
C02,Grand Geneva Resort Airport,Lake Geneva,United States,42.6149167,-88.3895833
C16,Frasca Field,Urbana,United States,40.144979,-88.200197
C47,Portage Municipal Airport,Portage,United States,43.5603136,-89.4828607
C65,Plymouth Municipal Airport,Plymouth,United States,41.3651307,-86.3002574
C89,Sylvania Airport,Sturtevant,United States,42.70325,-87.9589722
C91,Dowagiac Municipal Airport,Dowagiac,United States,41.9929342,-86.1280125
CAE,Columbia Metropolitan,Columbia,United States,33.938833,-81.119528
CAK,Akron Canton Regional Airport,Akron,United States,40.9160833,-81.4421944
CAR,Caribou Muni,Caribou,United States,46.8715,-68.017917
CBE,Greater Cumberland Rgnl.,Cumberland,United States,39.615278,-78.760556
CBM,Columbus Afb,Colombus,United States,33.643833,-88.443833
CCO,Coweta County Airport,Newnan,United States,33.3115656,-84.7697554
CCR,Buchanan Field Airport,Concord,United States,37.9896667,-122.0568889
CDB,Cold Bay,Cold Bay,United States,55.206061,-162.725436
CDC,Cedar City Rgnl,Cedar City,United States,37.700967,-113.098847
CDI,Cambridge Municipal Airport,Cambridge,United States,39.9750278,-81.5775833
CDK,CedarKey,Cedar Key,United States,29.1342222,-83.0504722
CDN,Woodward Field,Camden,United States,34.2835833,-80.5648611
CDR,Chadron Municipal Airport,Chadron,United States,42.8375,-103.095556
CDS,Childress Muni,Childress,United States,34.433781,-100.287992
CDV,Merle K Mudhole Smith,Cordova,United States,60.491778,-145.477556
CDW,Caldwell Essex County Airport,Caldwell,United States,40.8752222,-74.2813611
CEC,Del Norte County Airport,Crescent City,United States,41.7802,-124.237
CEF,Westover Arb Metropolitan,Chicopee Falls,United States,42.194014,-72.534783
CEM,Central Airport,Central,United States,65.573889,-144.780833
CEU,Clemson,Clemson,United States,34.6722222,-82.8858889
CEW,Bob Sikes,Crestview,United States,30.778833,-86.522111
CEZ,Cortez Muni,Cortez,United States,37.303,-108.628056
CFD,Coulter Fld,Bryan,United States,30.715694,-96.331361
CGA,Craig Seaplane Base,Craig,United States,55.478889,-133.147778
CGF,Cuyahoga County,Richmond Heights,United States,41.565124,-81.4863555
CGI,Cape Girardeau Regional Airport,Cape Girardeau,United States,37.2253,-89.5708
CGX,Meigs Field,Chicago,United States,41.860278,-87.609722
CGZ,Casa Grande Municipal Airport,Casa Grande,United States,32.954889,-111.766832
CHA,Lovell Fld,Chattanooga,United States,35.035278,-85.203808
CHI,All Airports,Chicago,United States,41.883611,-87.631667
CHO,Charlottesville-Albemarle,Charlottesville VA,United States,38.138639,-78.452861
CHS,Charleston Afb Intl,Charleston,United States,32.898647,-80.040528
CHU,Chuathbaluk Airport,Chuathbaluk,United States,61.579167,-159.215556
CIC,Chico Muni,Chico,United States,39.795383,-121.858422
CID,Cedar Rapids,Cedar Rapids,United States,41.884694,-91.710806
CIK,Chalkyitsik Airport,Chalkyitsik,United States,66.645,-143.74
CIL,Council Airport,Council,United States,64.897778,-163.703333
CIU,Chippewa County International Airport,Sault Ste Marie,United States,46.2508,-84.4724
CKB,Harrison Marion Regional Airport,Clarksburg,United States,39.2966,-80.2281
CKD,Crooked Creek Airport,Crooked Creek,United States,61.867778,-158.135
CKF,Crisp County Cordele Airport,Cordele,United States,31.9888333,-83.7739167
CKV,Clarksville-Montgomery County Regional Airport,Clarksville,United States,36.621944,-87.415
CLC,Clear Lake Metroport,Clear Lake City,United States,29.5569,-95.137497
CLD,McClellan-Palomar Airport,Carlsbad,United States,33.0742,-117.1648
CLE,Cleveland Hopkins Intl,Cleveland,United States,41.411689,-81.849794
CLL,Easterwood Fld,College Station,United States,30.588583,-96.363833
CLM,William R Fairchild International Airport,Port Angeles,United States,48.1202,-123.5
CLT,Charlotte Douglas Intl,Charlotte,United States,35.214,-80.943139
CLW,Clearwater Air Park,Clearwater,United States,27.9764722,-82.7586667
CMH,Port Columbus Intl,Columbus,United States,39.997972,-82.891889
CMI,Champaign,Champaign,United States,40.03925,-88.278056
CMX,Houghton County Memorial Airport,Hancock,United States,47.1684,-88.4891
CNM,Cavern City Air Terminal,Carlsbad,United States,32.337472,-104.263278
CNW,Tstc Waco,Waco,United States,31.637831,-97.074139
CNY,Canyonlands Field,Moab,United States,38.755,-109.754722
COD,Yellowstone Rgnl,Cody,United States,44.520194,-109.023806
COF,Patrick Afb,Coco Beach,United States,28.234922,-80.610125
CON,Concord Municipal,Concord NH,United States,43.20267,-71.50233
COS,City Of Colorado Springs Muni,Colorado Springs,United States,38.805805,-104.700778
COT,Cotulla Lasalle Co,Cotulla,United States,28.456694,-99.220294
COU,Columbia Rgnl,Columbia,United States,38.818094,-92.219631
CPR,Natrona Co Intl,Casper,United States,42.908,-106.464417
CPS,St. Louis Downtown Airport,East St. Louis,United States,38.5707244,-90.1562211
CRE,Grand Strand Airport,North Myrtle Beach,United States,33.81175,-78.7239444
CRP,Corpus Christi Intl,Corpus Christi,United States,27.770361,-97.501222
CRW,Yeager,Charleston,United States,38.373147,-81.593189
CSG,Columbus Metropolitan Airport,Columbus,United States,32.5163333,-84.9388611
CTB,Cut Bank Muni,Cutbank,United States,48.608353,-112.376144
CTH,Chester County G O Carlson Airport,Coatesville,United States,39.9789,-75.8654
CTJ,West Georgia Regional Airport - O V Gray Field,Carrollton,United States,33.6316964,-85.1522641
CTY,Cross City,Cross City,United States,29.6355278,-83.10475
CVG,Cincinnati Northern Kentucky Intl,Cincinnati,United States,39.048836,-84.667822
CVN,Clovis Muni,Clovis,United States,34.425139,-103.079278
CVS,Cannon Afb,Clovis,United States,34.382775,-103.322147
CVX,Charlevoix Municipal Airport,Charelvoix,United States,45.3047778,-85.2753333
CWA,Central Wisconsin,Wassau,United States,44.772726,-89.646635
CWI,Clinton Municipal,Clinton,United States,41.83075,-90.3289722
CXF,Coldfoot Airport,Coldfoot,United States,67.251389,-150.176111
CXL,Calexico Intl,Calexico,United States,32.669502,-115.51333
CXO,Lone Star Executive,Conroe,United States,30.351833,-95.414467
CXY,Capital City Airport,Harrisburg,United States,40.2171389,-76.8513611
CYF,Chefornak Airport,Chefornak,United States,60.149167,-164.285556
CYM,Chatham Seaplane Base,Sitka,United States,57.515,-134.946111
CYS,Cheyenne Rgnl Jerry Olson Fld,Cheyenne,United States,41.155722,-104.811839
CYT,Yakataga Airport,Yakataga,United States,60.081901,-142.493611
CZF,Cape Romanzof Lrrs,Cape Romanzof,United States,61.780297,-166.038747
CZN,Chisana Airport,Chisana,United States,62.071111,-142.048333
DAB,Daytona Beach Intl,Daytona Beach,United States,29.179917,-81.058056
DAL,Dallas Love Fld,Dallas,United States,32.847111,-96.851778
DAY,James M Cox Dayton Intl,Dayton,United States,39.902375,-84.219375
DBQ,Dubuque Rgnl,Dubuque IA,United States,42.402,-90.709472
DCA,Ronald Reagan Washington Natl,Washington,United States,38.852083,-77.037722
DDC,Dodge City Regional Airport,Dodge City,United States,37.7634,-99.9656
DEC,Decatur,Decatur,United States,39.834564,-88.865689
DEN,Denver Intl,Denver,United States,39.861656,-104.673178
DET,Coleman A Young Muni,Detroit,United States,42.409195,-83.009861
DFW,Dallas Fort Worth Intl,Dallas-Fort Worth,United States,32.896828,-97.037997
DGL,Douglas Municipal Airport,Douglas,United States,31.3426028,-109.5064544
DHN,Dothan Rgnl,Dothan,United States,31.321339,-85.449628
DHT,Dalhart Muni,Dalhart,United States,36.022586,-102.547278
DIK,Dickinson Theodore Roosevelt Regional Airport,Dickinson,United States,46.7975,-102.801944
DKB,De Kalb Taylor Municipal Airport,De Kalb,United States,41.9338342,-88.7056864
DKK,Chautauqua County-Dunkirk Airport,Dunkirk,United States,42.4933353,-79.2720417
DKX,Knoxville Downtown Island Airport,Knoxville,United States,35.9638333,-83.8736667
DLF,Laughlin Afb,Del Rio,United States,29.359486,-100.777975
DLG,Dillingham,Dillingham,United States,59.044667,-158.5055
DLH,Duluth Intl,Duluth,United States,46.842091,-92.193649
DLL,Baraboo Wisconsin Dells Airport,Baraboo,United States,43.5217843,-89.7709266
DMA,Davis Monthan Afb,Tucson,United States,32.166467,-110.883144
DNL,Daniel Field Airport,Augusta,United States,33.4665028,-82.0393808
DNN,Dalton Municipal Airport,Dalton,United States,34.7229444,-84.87025
DOV,Dover Afb,Dover,United States,39.129539,-75.465958
DPA,Dupage,West Chicago,United States,41.907778,-88.248611
DQH,Douglas Municipal Airport,Douglas,United States,31.4767385,-82.8605664
DRG,Deering Airport,Deering,United States,66.0696,-162.766
DRI,Beauregard Rgnl,Deridder,United States,30.831722,-93.339917
DRM,Drummond Island Airport,Drummond Island,United States,46.0093114,-83.7439342
DRO,Durango La Plata Co,Durango,United States,37.151516,-107.75377
DRT,Del Rio Intl,Del Rio,United States,29.374208,-100.927158
DSM,Des Moines Intl,Des Moines,United States,41.533972,-93.663083
DTA,Delta Municipal Airport,Delta,United States,39.3806386,-112.5077147
DTS,Destin,Destin,United States,30.4000611,-86.4714772
DTW,Detroit Metro Wayne Co,Detroit,United States,42.212444,-83.353389
DUC,Halliburton Field Airport,Duncan,United States,34.4713056,-97.9598611
DUG,Bisbee Douglas Intl,Douglas,United States,31.469028,-109.603667
DUJ,DuBois Regional Airport,Du Bois,United States,41.1783,-78.8987
DUT,Unalaska,Unalaska,United States,53.900139,-166.5435
DVL,Devils Lake Regional Airport,Devils Lake,United States,48.114444,-98.908611
DVT,Deer Valley Municipal Airport,Phoenix ,United States,33.4117,112.457
DWA,Yolo County Airport,Davis-Woodland-Winters,United States,38.5793889,-121.8569444
DWH,David Wayne Hooks Field,Houston,United States,30.063746,-95.554276
DWS,Orlando,Orlando,United States,28.398,-81.57
DXR,Danbury Municipal Airport,Danbury,United States,41.3715353,-73.4821906
DYS,Dyess Afb,Abilene,United States,32.420756,-99.8546
E25,Wickenburg Municipal Airport,Wickenburg,United States,33.96889877,-112.7990036
E51,Bagdad Airport,Bagdad,United States,34.5958528,-113.170195
E55,Ocean Ridge Airport,Gualala,United States,38.8016111,-123.5306389
E63,Gila Bend Municipal Airport,Gila Bend,United States,32.960169,-112.673636
E91,Chinle Municipal Airport,Chinle,United States,36.1108806,-109.5754222
EAA,Eagle Airport,Eagle,United States,64.778056,-141.149722
EAR,Kearney Municipal Airport,Kearney,United States,40.727,-99.0068
EAT,Pangborn Field,Wenatchee,United States,47.398,-120.206
EAU,Chippewa Valley Regional Airport,Eau Claire,United States,44.8658,-91.4843
ECA,Iosco County,East Tawas,United States,44.311,-83.422
ECG,Elizabeth City Cgas Rgnl,Elizabeth City,United States,36.260581,-76.174572
ECP,Panama City-NW Florida Bea.,Panama City,United States,30.3417,-85.7973
EDF,Elmendorf Afb,Anchorage,United States,61.250986,-149.806503
EDW,Edwards Afb,Edwards Afb,United States,34.905417,-117.883739
EEK,Eek Airport,Eek,United States,60.213611,-162.043889
EEN,Dillant Hopkins Airport,Keene,United States,72.270833,42.898333
EET,Shelby County Airport,Alabaster,United States,33.1777778,-86.7832222
EFD,Ellington Fld,Houston,United States,29.607333,-95.15875
EGA,Eagle County Airport,Eagle,United States,39.6427611,-106.9159347
EGE,Eagle Co Rgnl,Vail,United States,39.642556,-106.917694
EGT,Wellington Municipal,Wellington,United States,37.39411,-97.423225
EGV,Eagle River,Eagle River,United States,45.932333,-89.268283
EGX,Egegik Airport,Egegik,United States,58.185556,-157.375556
EHM,Cape Newenham Lrrs,Cape Newenham,United States,58.646428,-162.062778
EIL,Eielson Afb,Fairbanks,United States,64.665667,-147.1015
EKI,Elkhart Municipal,Elkhart,United States,41.719444,-86.003333
EKN,Elkins Randolph Co Jennings Randolph,Elkins,United States,38.889444,-79.857139
EKO,Elko Regional Airport,Elko,United States,40.8249,-115.792
ELD,South Arkansas Rgnl At Goodwin Fld,El Dorado,United States,33.220972,-92.813278
ELI,Elim Airport,Elim,United States,64.615,-162.270556
ELM,Elmira Corning Rgnl,Elmira,United States,42.159889,-76.891611
ELP,El Paso Intl,El Paso,United States,31.80725,-106.377583
ELV,Elfin Cove Seaplane Base,Elfin Cove,United States,58.195278,-136.3475
ELY,Ely Airport,Ely,United States,39.299722,-114.841944
EMK,Emmonak Airport,Emmonak,United States,62.786111,-164.490833
EMP,Emporia Municipal Airport,Emporia,United States,38.3321,-96.1912
ENA,Kenai Muni,Kenai,United States,60.573111,-151.245
END,Vance Afb,Enid,United States,36.339167,-97.9165
ENV,Wendover,Wendover,United States,40.718694,-114.030889
ENW,Kenosha Regional Airport,Kenosha,United States,42.5956944,-87.9278056
EOK,Keokuk Municipal Airport,Keokuk,United States,40.4599078,-91.4285011
EPM,Eastport Municipal Airport,Eastport,United States,44.9101111,-67.0126944
EQY,Monroe Reqional Airport,Charlotte,United States,35.01833,-80.62001
ERI,Erie Intl Tom Ridge Fld,Erie,United States,42.082022,-80.176217
ERV,Kerrville Municipal Airport,Kerrville,United States,29.9766667,-99.0854722
ERY,Luce County Airport,Newberry,United States,46.311199,-85.457298
ESC,Delta County Airport,Escanaba,United States,45.722778,-87.093611
ESD,Orcas Island Airport,Eastsound,United States,48.708056,-122.910556
ESF,Esler Rgnl,Alexandria,United States,31.394903,-92.295772
ESN,Easton-Newnam Field Airport,Easton,United States,38.8041667,-76.069
EUG,Mahlon Sweet Fld,Eugene,United States,44.124583,-123.211972
EVV,Evansville Regional,Evansville,United States,38.036997,-87.532364
EWB,New Bedford Regional Airport,New Bedford,United States,41.6761,-70.9569
EWN,Craven Co Rgnl,New Bern,United States,35.072972,-77.042944
EWR,Newark Liberty Intl,Newark,United States,40.6925,-74.168667
EXI,Excursion Inlet Seaplane Base,Excursion Inlet,United States,58.420556,-135.449167
EYW,Key West Intl,Key West,United States,24.556111,-81.759556
F57,Seaplane Base,Winterhaven,United States,28.0575,-81.7628056
FAF,Felker Aaf,Fort Eustis,United States,37.1325,-76.608841
FAI,Fairbanks Intl,Fairbanks,United States,64.815114,-147.856267
FAR,Hector International Airport,Fargo,United States,46.92065,-96.8157639
FAT,Fresno Yosemite Intl,Fresno,United States,36.776194,-119.71814
FAY,Fayetteville Regional Grannis Field,Fayetteville,United States,34.9912,-78.8803
FBK,Ladd Aaf,Fort Wainwright,United States,64.8375,-147.614444
FBS,Friday Harbor Seaplane Base,Friday Harbor,United States,48.537222,-123.009722
FCA,Glacier Park Intl,Kalispell,United States,48.310472,-114.256
FCS,Butts Aaf,Fort Carson,United States,38.678394,-104.756581
FDY,Findlay Airport,Findley,United States,41.0120278,-83.6686111
FFA,First Flight Airport,Kill Devil Hills,United States,36.02,-75.67
FFC,Atlanta Regional Airport - Falcon Field,Atlanta,United States,33.35725,-84.5718333
FFO,Wright Patterson Afb,Dayton,United States,39.826111,-84.048332
FFT,Capital City Airport,Frankfort,United States,38.1819722,-84.9061389
FFZ,Mesa Falcon Field,Mesa,United States,33.46080017,-111.7279968
FHU,Sierra Vista Muni Libby Aaf,Fort Huachuca,United States,31.588472,-110.344389
FIT,Fitchburg Municipal Airport,Fitchburg,United States,42.5541111,-71.7589722
FKL,Franklin,Franklin,United States,41.377874,-79.860362
FLD,Fond Du Lac County Airport,Fond du Lac,United States,43.7711667,-88.4884167
FLG,Flagstaff Pulliam Airport,Flagstaff,United States,35.140318,-111.6692392
FLL,Fort Lauderdale Hollywood Intl,Fort Lauderdale,United States,26.072583,-80.15275
FLO,Florence Rgnl,Florence,United States,34.185361,-79.723889
FLV,Sherman Aaf,Fort Leavenworth,United States,39.368332,-94.914686
FME,Tipton,Fort Meade,United States,39.085386,-76.759414
FMH,Otis Angb,Falmouth,United States,41.658439,-70.521417
FMN,Four Corners Rgnl,Farmington,United States,36.74125,-108.229944
FMY,Page Fld,Fort Myers,United States,26.586611,-81.86325
FNL,Fort Collins Loveland Muni,Fort Collins,United States,40.451828,-105.011336
FNR,Funter Bay Seaplane Base,Funter Bay,United States,58.254444,-134.897778
FNT,Bishop International,Flint,United States,42.965424,-83.743629
FOD,Fort Dodge Rgnl,Fort Dodge,United States,42.5512,-94.191842
FOE,Forbes Fld,Topeka,United States,38.950944,-95.663611
FOK,Francis S Gabreski,West Hampton Beach,United States,40.843656,-72.631789
FRD,Friday Harbor Airport,Friday Harbor,United States,48.521944,-123.024444
FRI,Marshall Aaf,Fort Riley,United States,39.055275,-96.764453
FRN,Bryant Ahp,Fort Richardson,United States,61.266381,-149.653119
FRP,St Lucie County International Airport,Fort Pierce,United States,27.497472,-80.372638
FSD,Sioux Falls,Sioux Falls,United States,43.582014,-96.741914
FSI,Henry Post Aaf,Fort Sill,United States,34.649833,-98.402167
FSM,Fort Smith Rgnl,Fort Smith,United States,35.336583,-94.367444
FST,Fort Stockton Pecos Co,Fort Stockton,United States,30.915667,-102.916139
FTK,Godman Aaf,Fort Knox,United States,37.907058,-85.972106
FTW,Fort Worth Meacham Intl,Fort Worth,United States,32.819778,-97.362444
FTY,Fulton County Airport Brown Field,Atlanta,United States,33.7791,-84.5214
FUL,Fullerton Municipal Airport,Fullerton,United States,33.521925,-117.584722
FWA,Fort Wayne,Fort Wayne,United States,40.978472,-85.195139
FXE,Fort Lauderdale Executive,Fort Lauderdale,United States,26.197281,-80.170706
FYU,Fort Yukon,Fort Yukon,United States,66.571492,-145.250417
FYV,Drake Fld,Fayetteville,United States,36.005094,-94.170059
FZG,Fitzgerald Municipal Airport,Fitzgerald,United States,31.6839046,-83.2709036
GAD,Northeast Alabama Regional Airport,Gadsden,United States,33.9726489,-86.0890834
GAI,Montgomery County Airpark,Gaithersburg,United States,39.1006,-77.09576
GAL,Edward G Pitka Sr,Galena,United States,64.736178,-156.937417
GAM,Gambell Airport,Gambell,United States,63.7668,-171.733
GBN,Great Bend Municipal,Great Bend,United States,38.344167,-98.859167
GCC,Gillette-Campbell County Airport,Gillette,United States,44.3489167,-105.5393611
GCK,Garden City Rgnl,Garden City,United States,37.927528,-100.724417
GCN,Grand Canyon National Park Airport,Grand Canyon,United States,35.9523611,-112.1469722
GCW,Grand Canyon West Airport,Grand Canyon West,United States,35.5925,-113.4859
GDV,Dawson Community Airport,Glendive,United States,47.138611,-104.807222
GDW,Gladwin Zettel Memorial Airport,Gladwin,United States,43.9705893,-84.47502
GED,Sussex Co,Georgetown,United States,38.689194,-75.358889
GEG,Spokane Intl,Spokane,United States,47.619861,-117.533833
GEU,Glendale Municipal Airport,Glendale,United States,33.5269167,-112.2951389
GFK,Grand Forks Intl,Grand Forks,United States,47.949256,-97.176111
GGE,Georgetown County Airport,Georgetown,United States,33.3114018,-79.3203139
GGG,East Texas Rgnl,Longview,United States,32.384014,-94.711486
GGW,Wokal Field Glasgow International Airport,Glasgow,United States,48.2125,-106.615
GHG,Marshfield Municipal Airport,Marshfield,United States,42.09825,-70.6721389
GIF,Gilbert Airport,Winter Haven,United States,28.062778,-81.753333
GJT,Grand Junction Regional,Grand Junction,United States,39.122413,-108.526735
GKN,Gulkana,Gulkana,United States,62.154888,-145.456639
GKY,Arlington Municipal,Arlington,United States,32.6638611,-97.0942778
GLD,Renner Fld,Goodland,United States,39.370621,-101.698992
GLH,Mid Delta Regional Airport,Greenville,United States,33.4829,-90.9856
GLS,Scholes Intl At Galveston,Galveston,United States,29.265322,-94.860406
GLV,Golovin Airport,Golovin,United States,64.550556,-163.007222
GNT,Grants Milan Muni,Grants,United States,35.167286,-107.901989
GNU,Goodnews Airport,Goodnews Bay,United States,59.1175,-161.5775
GNV,Gainesville Rgnl,Gainesville,United States,29.690056,-82.271778
GON,Groton New London,Groton CT,United States,41.330056,-72.045139
GPT,Gulfport-Biloxi,Gulfport,United States,30.407278,-89.070111
GPZ,Grand Rapids Itasca County,Grand Rapids MN,United States,47.211111,-93.509722
GQQ,Galion Municipal Airport,Galion,United States,40.7533889,-82.7238056
GRB,Austin Straubel Intl,Green Bay,United States,44.485072,-88.129589
GRF,Gray Aaf,Fort Lewis,United States,47.079217,-122.580783
GRI,Central Nebraska Regional Airport,Grand Island,United States,40.9675,-98.3096
GRK,Robert Gray Aaf,Killeen,United States,31.06725,-97.828917
GRM,Grand Marais Cook County Airport,Grand Marais,United States,47.8383333,-90.3829444
GRR,Gerald R Ford Intl,Grand Rapids,United States,42.880833,-85.522806
GSB,Seymour Johnson Afb,Goldsboro,United States,35.339383,-77.960589
GSO,Piedmont Triad,Greensboro,United States,36.09775,-79.937306
GSP,Greenville-Spartanburg International,Greenville,United States,34.895556,-82.218889
GST,Gustavus Airport,Gustavus,United States,58.4253,-135.707
GTB,Wheeler Sack Aaf,Fort Drum,United States,44.055619,-75.719458
GTF,Great Falls Intl,Great Falls,United States,47.482,-111.370689
GTR,Golden Triangle Regional Airport,Columbus Mississippi,United States,33.450333,-88.591361
GTU,Georgetown Municipal Airport,Georgetown,United States,30.678809,-97.6793837
GUC,Gunnison - Crested Butte,Gunnison,United States,38.533889,-106.933056
GUP,Gallup Muni,Gallup,United States,35.511058,-108.789308
GUS,Grissom Arb,Peru,United States,40.648094,-86.152119
GVL,Lee Gilmer Memorial Airport,Gainesville,United States,34.272627,-83.8302233
GVQ,Genesee County Airport,Batavia,United States,43.03175,-78.1696667
GVT,Majors,Greenvile,United States,33.067839,-96.065333
GWO,Greenwood Leflore,Greenwood,United States,33.494328,-90.084706
GYY,Gary Chicago International Airport,Gary,United States,41.6163,-87.4128
HBG,Hattiesburg Bobby L. Chain Municipal Airport,Hattiesburg,United States,31.2649444,-89.2528889
HBR,Hobart Muni,Hobart,United States,34.991308,-99.051353
HCC,Columbia County,Hudson NY,United States,42.2913,-73.7103
HCR,Holy Cross Airport,Holy Cross,United States,62.1883,-159.775
HDH,Dillingham,Dillingham,United States,21.579475,-158.197281
HDI,Hardwick Field Airport,Cleveland,United States,35.2199994,-84.832369
HDN,Yampa Valley,Hayden,United States,40.481181,-107.21766
HDO,Hondo Municipal Airport,Hondo,United States,29.3591,-99.1775
HFD,Hartford Brainard,Hartford,United States,41.736722,-72.649444
HGR,Hagerstown Regional Richard A Henson Field,Hagerstown,United States,39.7079,-77.7295
HHH,Hilton Head,Hilton Head,United States,32.216,-80.752
HHI,Wheeler Aaf,Wahiawa,United States,21.4835,-158.039667
HHR,Jack Northrop Fld Hawthorne Muni,Hawthorne,United States,33.922839,-118.335186
HIB,Chisholm Hibbing,Hibbing,United States,47.3866,-92.838994
HIF,Hill Afb,Ogden,United States,41.123939,-111.973039
HII,Lake Havasu City Airport,Lake Havasu City,United States,34.5711111,-114.3582778
HIO,Portland Hillsboro,Hillsboro,United States,45.540394,-122.949825
HKB,Healy River Airport,Healy,United States,63.8675,-148.968889
HKY,Hickory Rgnl,Hickory,United States,35.741147,-81.38955
HLG,Wheeling Ohio County Airport,Wheeling,United States,40.175,-80.6463
HLN,Helena Rgnl,Helena,United States,46.606806,-111.98275
HLR,Hood Aaf,Fort Hood,United States,31.138731,-97.714469
HMN,Holloman Afb,Alamogordo,United States,32.852519,-106.106525
HNH,Hoonah Airport,Hoonah,United States,58.096111,-135.409722
HNL,Honolulu Intl,Honolulu,United States,21.318681,-157.922428
HNM,Hana,Hana,United States,20.795636,-156.014439
HNS,Haines Airport,Haines,United States,59.2438,-135.524
HOB,Lea Co Rgnl,Hobbs,United States,32.687528,-103.217028
HOM,Homer,Homer,United States,59.645556,-151.476583
HON,Huron Rgnl,Huron,United States,44.3852,-98.228542
HOP,Campbell Aaf,Hopkinsville,United States,36.668567,-87.496183
HOT,Memorial Field,Hot Springs,United States,34.478,-93.0962
HOU,William P Hobby,Houston,United States,29.645419,-95.278889
HPB,Hooper Bay Airport,Hooper Bay,United States,61.5239,-166.147
HPN,Westchester Co,White Plains,United States,41.066959,-73.707575
HQM,Bowerman Field,Hoquiam,United States,46.9711944,-123.9365556
HQU,McDuffie County Airport,Thomson,United States,33.5297315,-82.5169509
HRL,Valley Intl,Harlingen,United States,26.2285,-97.654389
HRO,Boone Co,Harrison,United States,36.261519,-93.154728
HRT,Hurlburt Fld,Mary Esther,United States,30.427803,-86.689278
HSH,Henderson Executive Airport,Henderson,United States,35.972778,-115.134444
HSL,Huslia Airport,Huslia,United States,65.697778,-156.351389
HST,Homestead Arb,Homestead,United States,25.48855,-80.383567
HSV,Huntsville International Airport-Carl T Jones Field,Huntsville,United States,34.6371944,-86.7750556
HTL,Roscommon Co,Houghton Lake,United States,44.359806,-84.671112
HTS,Tri State Milton J Ferguson Field,Huntington,United States,38.3667,-82.558
HUA,Redstone Aaf,Redstone,United States,34.678653,-86.684781
HUF,Terre Haute Intl Hulman Fld,Terre Haute,United States,39.451464,-87.307561
HUL,Houlton Intl,Houlton,United States,46.123083,-67.792056
HUS,Hughes Airport,Hughes,United States,66.039167,-154.264722
HUT,Hutchinson Municipal Airport,Hutchinson,United States,38.0655,-97.8606
HVN,Tweed-New Haven Airport,New Haven,United States,41.26375,-72.886806
HVR,Havre City Co,Havre,United States,48.542983,-109.762342
HWD,Hayward Executive Airport,Hayward,United States,37.65888889,-122.1216667
HWO,North Perry,Hollywood,United States,26.001222,-80.240722
HXD,Hilton Head Airport,Hilton Head Island,United States,32.2243611,-80.6974722
HYA,Barnstable Muni Boardman Polando Fld,Barnstable,United States,41.669336,-70.280356
HYG,Hydaburg Seaplane Base,Hydaburg,United States,55.206389,-132.828333
HYL,Hollis Seaplane Base,Hollis,United States,55.481667,-132.646111
HYS,Hays Regional Airport,Hays,United States,38.8422,-99.2732
HZL,Hazleton Municipal,Hazleton,United States,40.989167,-76.0025
IAB,Mc Connell Afb,Wichita,United States,37.621853,-97.268192
IAD,Washington Dulles Intl,Washington,United States,38.944533,-77.455811
IAG,Niagara Falls Intl,Niagara Falls,United States,43.107333,-78.946194
IAH,George Bush Intercontinental,Houston,United States,29.984433,-95.341442
IAN,Bob Baker Memorial Airport,Kiana,United States,66.975833,-160.436667
ICT,Wichita Mid Continent,Wichita,United States,37.649944,-97.433056
ICY,Icy Bay Airport,Icy Bay,United States,59.968889,-141.661667
IDA,Idaho Falls Rgnl,Idaho Falls,United States,43.514556,-112.07075
IDL,Idlewild Intl,New York,United States,40.639751,-73.778924
IFP,Laughlin-Bullhead Intl,Bullhead,United States,35.1574,-114.56
IGG,Igiugig Airport,Igiugig,United States,59.324,-155.902
IGM,Kingman Airport,Kingman,United States,35.2595,-113.938
IGQ,Lansing Municipal,Lansing,United States,41.5349167,-87.5295278
IJD,Windham Airport,Willimantic,United States,41.7440278,-72.1802222
IKK,Greater Kankakee,Kankakee,United States,41.071389,-87.846278
IKR,Kirtland Air Force Base,Kirtland A.f.b.,United States,35.040222,-106.609194
IKV,Ankeny Regl Airport,Ankeny,United States,41.691389,-93.566389
ILG,New Castle,Wilmington,United States,39.678722,-75.606528
ILI,Iliamna,Iliamna,United States,59.754356,-154.910961
ILM,Wilmington Intl,Wilmington,United States,34.270615,-77.902569
ILN,Wilmington Airborne Airpark,Wilmington,United States,39.42792,-83.792118
IMM,Immokalee ,Immokalee ,United States,26.433889,-81.401389
IMT,Ford Airport,Iron Mountain,United States,45.8183611,-88.1145556
IND,Indianapolis Intl,Indianapolis,United States,39.717331,-86.294383
INJ,Hillsboro Muni,Hillsboro,United States,32.083486,-97.097228
INK,Winkler Co,Wink,United States,31.779628,-103.201361
INL,Falls Intl,International Falls,United States,48.566186,-93.403067
INS,Creech Afb,Indian Springs,United States,36.587183,-115.673353
INT,Smith Reynolds,Winston-salem,United States,36.133722,-80.222
INW,Winslow-Lindbergh Regional Airport,Winslow,United States,35.0219167,-110.7225278
IOW,Iowa City Municipal Airport,Iowa City,United States,41.639244,-91.546503
IPL,Imperial Co,Imperial,United States,32.834219,-115.578744
IPT,Williamsport Rgnl,Williamsport,United States,41.241836,-76.921094
IRC,Circle City Airport,Circle,United States,65.827778,-144.076111
IRK,Kirksville Regional Airport,Kirksville,United States,40.0935,-92.5449
ISM,Kissimmee Gateway Airport,Kissimmee,United States,28.289806,-81.437083
ISN,Sloulin Fld Intl,Williston,United States,48.177939,-103.642347
ISO,Kinston Regional Jetport,Kinston,United States,35.331389,-77.608889
ISP,Long Island Mac Arthur,Islip,United States,40.79525,-73.100222
ISW,Alexander Field South Wood County Airport,Wisconsin Rapids,United States,44.3606456,-89.8381412
ITH,Ithaca Tompkins Rgnl,Ithaca,United States,42.491028,-76.458444
ITO,Hilo Intl,Hilo,United States,19.721375,-155.048469
IWD,Gogebic Iron County Airport,Ironwood,United States,46.5274747,-90.1313967
IWS,West Houston,Houston,United States,29.818194,-95.672611
IYK,Inyokern Airport,Inyokern,United States,35.658889,-117.829444
JAC,Jackson Hole Airport,Jacksn Hole,United States,43.60733333,-110.73775
JAN,Jackson Evers Intl,Jackson,United States,32.311167,-90.075889
JAX,Jacksonville Intl,Jacksonville,United States,30.494056,-81.687861
JBR,Jonesboro Muni,Jonesboro,United States,35.831708,-90.646417
JCI,New Century AirCenter Airport,Olathe,United States,38.8309167,-94.8903056
JEF,Jefferson City Memorial Airport,Jefferson City,United States,38.5912,-92.1561
JES,Jesup-Wayne County Airport,Jesup,United States,31.553889,-81.8825
JFK,John F Kennedy Intl,New York,United States,40.639751,-73.778925
JGC,Grand Canyon Heliport,Grand Canyon,United States,35.96666666,-112.1333333
JHM,Kapalua,Lahania-kapalua,United States,20.962936,-156.673031
JHW,Chautauqua County-Jamestown,Jamestown,United States,42.153333,-79.258056
JKA,Jack Edwards Airport,Gulf Shores,United States,30.2896389,-87.6717778
JLN,Joplin Rgnl,Joplin,United States,37.151814,-94.498269
JMS,Jamestown Regional Airport,Jamestown,United States,46.9297,-98.6782
JNU,Juneau Intl,Juneau,United States,58.354972,-134.576278
JOT,Regional Airport,Joliet,United States,41.517778,-88.175556
JRA,West 30th St. Heliport,New York,United States,40.7545,-74.0071
JRB,Wall Street Heliport,New York,United States,40.701214,-74.009028
JST,John Murtha Johnstown-Cambria County Airport,Johnstown,United States,40.316111,-78.833889
JVL,Southern Wisconsin Regional Airport,Janesville,United States,42.62025,-89.0415556
JXN,Reynolds Field,Jackson,United States,42.260556,-84.460556
JYL,Plantation Airpark,Sylvania,United States,32.6452778,-81.5971111
JYO,Leesburg Executive Airport,Leesburg,United States,39.078,-77.558
JZP,Pickens County Airport,Jasper,United States,34.4534722,-84.4572222
K03,Wainwright As,Fort Wainwright,United States,70.613378,-159.86035
KAE,Kake Seaplane Base,Kake,United States,56.973056,-133.945556
KAL,Kaltag Airport,Kaltag,United States,64.3191,-158.741
KBC,Birch Creek Airport,Brich Creek,United States,66.256708,-145.815319
KBW,Chignik Bay Seaplane Base,Chignik,United States,56.295556,-158.401398
KCC,Coffman Cove Seaplane Base,Coffman Cove,United States,56.014722,-132.833889
KCL,Chignik Lagoon Airport,Chignik Lagoon,United States,56.311111,-158.534167
KCQ,Chignik Lake Airport,Chignik Lake,United States,56.255,-158.775278
KEH,Kenmore Air Harbor Inc Seaplane Base,Kenmore,United States,47.7548,-122.259
KEK,Ekwok Airport,Ekwok,United States,59.356944,-157.471111
KFP,False Pass Airport,False Pass,United States,54.8475,-163.410278
KGK,Koliganek Airport,Koliganek,United States,59.726667,-157.259444
KGX,Grayling Airport,Grayling,United States,62.894444,-160.065
KKA,Koyuk Alfred Adams Airport,Koyuk,United States,64.939444,-161.154167
KKB,Kitoi Bay Seaplane Base,Kitoi Bay,United States,58.190833,-152.370556
KKH,Kongiganak Airport,Kongiganak,United States,59.960833,-162.881111
KLG,Kalskag Airport,Kalskag,United States,61.5363,-160.341
KLL,Levelock Airport,Levelock,United States,59.128056,-156.858611
KLN,Larsen Bay Airport,Larsen Bay,United States,57.535,-153.976667
KLS,Kelso Longview,Kelso,United States,46.118,-122.898389
KLW,Klawock Airport,Klawock,United States,55.579167,-133.076111
KMO,Manokotak Airport,Manokotak,United States,58.990278,-159.05
KMY,Moser Bay Seaplane Base,Moser Bay,United States,57.025556,-154.145833
KNW,New Stuyahok Airport,New Stuyahok,United States,59.4499,-157.328
KOA,Kona Intl At Keahole,Kona,United States,19.738767,-156.045631
KOT,Kotlik Airport,Kotlik,United States,63.030556,-163.532778
KOY,Olga Bay Seaplane Base,Olga Bay,United States,57.161389,-154.229722
KOZ,Ouzinkie Airport,Ouzinkie,United States,57.922876,-152.500511
KPB,Point Baker Seaplane Base,Point Baker,United States,56.351944,-133.6225
KPN,Kipnuk Airport,Kipnuk,United States,59.933056,-164.030556
KPR,Port Williams Seaplane Base,Port Williams,United States,58.49,-152.582222
KPV,Perryville Airport,Perryville,United States,55.906667,-159.160833
KPY,Port Bailey Seaplane Base,Port Bailey,United States,57.93,-153.040556
KQA,Akutan Seaplane Base,Akutan,United States,54.1325,-165.785
KSM,St Marys Airport,St Mary's,United States,62.0605,-163.302
KTB,Thorne Bay Seaplane Base,Thorne Bay,United States,55.688056,-132.536667
KTN,Ketchikan Intl,Ketchikan,United States,55.355556,-131.71375
KTS,Brevig Mission Airport,Brevig Mission,United States,65.331389,-166.465833
KUK,Kasigluk Airport,Kasigluk,United States,60.873333,-162.524444
KVC,King Cove Airport,King Cove,United States,55.1163,-162.266
KVL,Kivalina Airport,Kivalina,United States,67.7362,-164.563
KWK,Kwigillingok Airport,Kwigillingok,United States,59.876389,-163.168611
KWN,Quinhagak Airport,Quinhagak,United States,59.755,-161.845278
KWP,West Point Village Seaplane Base,West Point,United States,57.77,-153.548889
KWT,Kwethluk Airport,Kwethluk,United States,60.790278,-161.443611
KYK,Karuluk Airport,Karluk,United States,57.566944,-154.450278
KYU,Koyukuk Airport,Koyukuk,United States,64.875833,-157.730556
KZB,Zachar Bay Seaplane Base,Zachar Bay,United States,57.55,-153.75
L06,Furnace Creek,Death Valley National Park,United States,36.273,-116.515
L35,Big Bear City,Big Bear,United States,34.2637778,-116.8560278
LAA,Lamar Muni,Lamar,United States,38.069694,-102.6885
LAF,Purude University Airport,Lafayette,United States,40.4123056,-86.9368889
LAL,Lakeland Linder Regional Airport,Lakeland,United States,27.9889167,-82.0185556
LAM,Los Alamos Airport,Los Alamos,United States,35.8798019,-106.2694153
LAN,Capital City,Lansing,United States,42.7787,-84.587357
LAR,Laramie Regional Airport,Laramie,United States,41.3121,-105.675
LAS,Mc Carran Intl,Las Vegas,United States,36.080056,-115.15225
LAW,Lawton-Fort Sill Regional Airport,Lawton,United States,34.5677144,-98.4166367
LAX,Los Angeles Intl,Los Angeles,United States,33.942536,-118.408075
LBB,Lubbock Preston Smith Intl,Lubbock,United States,33.663639,-101.822778
LBE,Arnold Palmer Regional Airport,Latrobe,United States,40.2759,-79.4048
LBF,North Platte Regional Airport Lee Bird Field,North Platte,United States,41.1262,-100.684
LBL,Liberal Muni,Liberal,United States,37.044222,-100.95986
LBT,Municipal Airport,Lumberton,United States,34.6098056,-79.0595556
LCH,Lake Charles Rgnl,Lake Charles,United States,30.126112,-93.223335
LCK,Rickenbacker Intl,Columbus,United States,39.813786,-82.927822
LCQ,Lake City Municipal Airport,Lake City,United States,30.181944,-82.576944
LDJ,Linden Airport,Linden,United States,40.6174472,-74.2445942
LEB,Lebanon Municipal Airport,Lebanon,United States,43.6261,-72.3042
LEW,Lewiston Maine,Lewiston,United States,44.0484728,-70.2835075
LEX,Blue Grass,Lexington KY,United States,38.0365,-84.605889
LFI,Langley Afb,Hampton,United States,37.082881,-76.360547
LFK,Angelina Co,Lufkin,United States,31.234014,-94.75
LFT,Lafayette Rgnl,Lafayette,United States,30.205278,-91.987611
LGA,La Guardia,New York,United States,40.777245,-73.872608
LGB,Long Beach,Long Beach,United States,33.817722,-118.151611
LGC,LaGrange-Callaway Airport,LaGrange,United States,33.0088611,-85.0726111
LGU,Logan-Cache,Logan,United States,41.791,-111.852
LHD,Lake Hood Seaplane Base,Anchorage,United States,61.1866382,-149.9653918
LHV,William T. Piper Mem.,Lock Haven,United States,41.1357778,-77.4223056
LHX,La Junta Muni,La Junta,United States,38.049719,-103.509431
LIH,Lihue,Lihue,United States,21.975983,-159.338958
LIT,Adams Fld,Little Rock,United States,34.729444,-92.224306
LIV,Livingood Airport,Livingood,United States,65.531111,-148.541111
LKE,Kenmore Air Harbor Seaplane Base,Seattle,United States,47.629,-122.339
LKP,Lake Placid Airport,Lake Placid,United States,44.264444,-73.961944
LMT,Klamath Falls Airport,Klamath Falls,United States,42.1561,-121.733
LNA,Palm Beach Co Park,West Palm Beach,United States,26.593,-80.085056
LNK,Lincoln,Lincoln,United States,40.850971,-96.75925
LNN,Lost Nation Municipal Airport,Willoughby,United States,41.6840278,-81.38975
LNR,Tri-County Regional Airport,Lone Rock,United States,43.211667,-90.181667
LNS,Lancaster Airport,Lancaster,United States,40.1217,-76.2961
LNY,Lanai,Lanai,United States,20.785611,-156.951419
LOT,Lewis University Airport,Lockport,United States,41.606326,-88.083003
LOU,Bowman Fld,Louisville,United States,38.228,-85.663722
LOZ,London-Corbin Airport-MaGee Field,London,United States,37.0868889,-84.0773889
LPC,Lompoc Airport,Lompoc,United States,34.6656,-120.4675
LPR,Lorain County Regional Airport,Lorain-Elyria,United States,41.3442778,-82.1776389
LPS,Lopez Island Airport,Lopez,United States,48.4839,-122.938
LRD,Laredo Intl,Laredo,United States,27.54375,-99.461556
LRF,Little Rock Afb,Jacksonville,United States,34.916944,-92.149722
LRU,Las Cruces Intl,Las Cruces,United States,32.289417,-106.921972
LSE,La Crosse Municipal,La Crosse,United States,43.878986,-91.256711
LSF,Lawson Aaf,Fort Benning,United States,32.337322,-84.991283
LSV,Nellis Afb,Las Vegas,United States,36.236197,-115.034253
LTS,Altus Afb,Altus,United States,34.667067,-99.266681
LUF,Luke Afb,Phoenix,United States,33.535,-112.38306
LUK,Cincinnati Muni Lunken Fld,Cincinnati,United States,39.103333,-84.418611
LUP,Kalaupapa Airport,Molokai,United States,21.211,-156.974
LUR,Cape Lisburne Lrrs,Cape Lisburne,United States,68.875133,-166.110022
LVK,Livermore Municipal,Livermore,United States,37.41362,-121.49133
LVM,Mission Field Airport,Livingston-Montana,United States,45.6993889,-110.4483056
LVS,Las Vegas Muni,Las Vegas,United States,35.654222,-105.142389
LWA,South Haven Area Regional Airport,South Haven,United States,42.3511944,-86.2556389
LWB,Greenbrier Valley Airport,Lewisburg,United States,37.858333,-80.399444
LWC,Lawrence Municipal,Lawrence,United States,39.009167,-95.2175
LWM,Lawrence Municipal Airport,Lawrence,United States,42.7171944,-71.1234167
LWS,Lewiston Nez Perce Co,Lewiston,United States,46.3745,-117.015389
LWT,Lewistown Municipal Airport,Lewistown,United States,47.0493,-109.467
LXY,Mexia - Limestone County Airport,Mexia,United States,31.6411783,-96.5144594
LYH,Lynchburg Regional Preston Glenn Field,Lynchburg,United States,37.3267,-79.2004
LYU,Ely Municipal,Ely,United States,47.824444,-91.830833
LZU,Gwinnett County Airport-Briscoe Field,Lawrenceville,United States,33.9780761,-83.9623772
MAE,Madera Municipal Airport,Madera,United States,36.9886111,-120.1124444
MAF,Midland Intl,Midland,United States,31.942528,-102.201914
MBL,Manistee County-Blacker Airport,Manistee,United States,44.2725,-86.246944
MBS,Mbs Intl,Saginaw,United States,43.532913,-84.079647
MCC,Mc Clellan Afld,Sacramento,United States,38.667639,-121.400611
MCD,Mackinac Island Airport,Mackinac Island,United States,45.8649344,-84.637344
MCE,Merced Municipal Airport,Merced,United States,37.284722,-120.513889
MCF,Macdill Afb,Tampa,United States,27.849339,-82.521214
MCG,McGrath Airport,Mcgrath,United States,62.9529,-155.606
MCI,Kansas City Intl,Kansas City,United States,39.297606,-94.713905
MCK,McCook Regional Airport,McCook,United States,40.206389,-100.592222
MCL,McKinley National Park Airport,McKinley Park,United States,63.732757,-148.91129
MCN,Middle Georgia Rgnl,Macon,United States,32.69285,-83.649211
MCO,Orlando Intl,Orlando,United States,28.429394,-81.308994
MCW,Mason City Municipal,Mason City,United States,43.2247,-93.4067
MDT,Harrisburg Intl,Harrisburg,United States,40.193494,-76.763403
MDW,Chicago Midway Intl,Chicago,United States,41.785972,-87.752417
ME5,Banks Airport,Swans Island,United States,44.1653889,-68.4281667
MEI,Key Field,Meridian,United States,32.332624,-88.751868
MEM,Memphis Intl,Memphis,United States,35.042417,-89.976667
MER,Castle,Merced,United States,37.380481,-120.568189
MFD,Mansfield Lahm Regional,Mansfield,United States,40.8214167,-82.5166389
MFE,Mc Allen Miller Intl,Mcallen,United States,26.175833,-98.238611
MFI,Marshfield Municipal Airport,Marshfield,United States,44.6368797,-90.1893267
MFR,Rogue Valley Intl Medford,Medford,United States,42.374228,-122.8735
MGC,Michigan City Municipal Airport,Michigan City,United States,41.7033,-86.8211
MGE,Dobbins Arb,Marietta,United States,33.915382,-84.516319
MGJ,Orange County Airport,Montgomery,United States,41.5099884,-74.2646444
MGM,Montgomery Regional Airport ,MONTGOMERY,United States,32.3006389,-86.3939722
MGR,Moultrie Municipal Airport,Moultrie,United States,31.0849167,-83.80325
MGW,Morgantown Muni Walter L Bill Hart Fld,Morgantown,United States,39.642908,-79.916314
MGY,Dayton-Wright Brothers Airport,Dayton,United States,39.5889722,-84.2248611
MHK,Manhattan Reigonal,Manhattan,United States,39.140972,-96.670833
MHM,Minchumina Airport,Lake Minchumina,United States,63.886111,-152.301944
MHR,Sacramento Mather,Sacramento,United States,38.553897,-121.297592
MHT,Manchester Regional Airport,Manchester NH,United States,42.932556,-71.435667
MHV,Mojave,Mojave,United States,35.059364,-118.151856
MIA,Miami Intl,Miami,United States,25.79325,-80.290556
MIB,Minot Afb,Minot,United States,48.415572,-101.357661
MIE,Delaware County Airport,Muncie,United States,40.2424722,-85.39575
MIV,Millville Muni,Millville,United States,39.367806,-75.072222
MKC,Downtown,Kansas City,United States,39.1275,-94.598889
MKE,General Mitchell Intl,Milwaukee,United States,42.947222,-87.896583
MKG,Muskegon County Airport,Muskegon,United States,43.1695,-86.2382
MKK,Molokai,Molokai,United States,21.152886,-157.096256
MKL,Mc Kellar Sipes Rgnl,Jackson,United States,35.599889,-88.915611
MKO,Davis Fld,Muskogee,United States,35.656489,-95.366656
MLB,Melbourne Intl,Melbourne,United States,28.102753,-80.645258
MLC,Mc Alester Rgnl,Mcalester,United States,34.882403,-95.783463
MLD,Malad City,Malad City,United States,42.17,-112.289
MLI,Quad City Intl,Moline,United States,41.448528,-90.507539
MLJ,Baldwin County Airport,Milledgeville,United States,33.154225,-83.2414139
MLL,Marshall Don Hunter Sr. Airport,Marshall,United States,61.8646418,-162.026111
MLS,Frank Wiley Field,Miles City,United States,46.428,-105.886
MLT,Millinocket Muni,Millinocket,United States,45.647836,-68.685561
MLU,Monroe Rgnl,Monroe,United States,32.510864,-92.037689
MLY,Manley Hot Springs Airport,Manley Hot Springs,United States,64.9975,-150.644167
MMH,Mammoth Yosemite Airport,Mammoth Lakes,United States,37.624049,-118.837772
MMI,McMinn Co,Athens,United States,35.39919,-84.56177
MMU,Morristown Municipal Airport,Morristown,United States,40.79935,-74.4148747
MMV,Mc Minnville Muni,Mackminnville,United States,45.194444,-123.135944
MNM,Menominee Marinette Twin Co,Macon,United States,45.12665,-87.638443
MNT,Minto Airport,Minto,United States,65.143611,-149.37
MOB,Mobile Rgnl,Mobile,United States,30.691231,-88.242814
MOD,Modesto City Co Harry Sham,Modesto,United States,37.625817,-120.954422
MOT,Minot Intl,Minot,United States,48.259378,-101.280333
MOU,Mountain Village Airport,Mountain Village,United States,62.0954,-163.682
MPB,Miami Seaplane Base,Miami,United States,25.7783,-80.1703
MPI,MariposaYosemite,Mariposa,United States,37.3039,-120.0222
MPV,Edward F Knapp State,Montpelier,United States,44.203503,-72.562328
MQB,Macomb Municipal Airport,Macomb,United States,40.5200833,-90.6523889
MQT,Sawyer International Airport,Marquette,United States,46.353611,-87.395278
MRB,Eastern WV Regional Airport,Martinsburg,United States,39.2407,-77.591
MRI,Merrill Fld,Anchorage,United States,61.213544,-149.844447
MRK,Marco Islands,Marco Island Airport,United States,25.9950278,-81.6725278
MRN,Foothills Regional Airport,Morganton,United States,35.8202336,-81.6115119
MRY,Monterey Peninsula,Monterey,United States,36.587,-121.842944
MSL,Northwest Alabama Regional Airport,Muscle Shoals,United States,34.7453,-87.6102
MSN,Dane Co Rgnl Truax Fld,Madison,United States,43.139858,-89.337514
MSO,Missoula Intl,Missoula,United States,46.916306,-114.090556
MSP,Minneapolis St Paul Intl,Minneapolis,United States,44.881956,-93.221767
MSS,Massena Intl Richards Fld,Massena,United States,44.935833,-74.845547
MSY,Louis Armstrong New Orleans Intl,New Orleans,United States,29.993389,-90.258028
MTC,Selfridge Angb,Mount Clemens,United States,42.608333,-82.8355
MTH,Florida Keys Marathon Airport,Marathon,United States,24.726111,-81.051389
MTJ,Montrose Regional Airport,Montrose CO,United States,38.509794,-107.894242
MTM,Metlakatla Seaplane Base,Metakatla,United States,55.131111,-131.578056
MUE,Waimea Kohala,Kamuela,United States,20.001328,-155.668108
MUI,Muir Aaf,Muir,United States,40.434811,-76.569411
MUO,Mountain Home Afb,Mountain Home,United States,43.043603,-115.872431
MVL,Morrisville Stowe State Airport,Morrisville,United States,44.535,-72.614
MVY,Martha\\'s Vineyard,Vineyard Haven MA,United States,41.391667,-70.615278
MWA,Williamson Country Regional Airport,Marion,United States,37.7549569,-89.0110936
MWC,Lawrence J Timmerman Airport,Milwaukee,United States,43.1103889,-88.0344167
MWH,Grant Co Intl,Grant County Airport,United States,47.207708,-119.32019
MWL,Mineral Wells,Mineral Wells,United States,32.781606,-98.060175
MWM,Windom Municipal Airport,Windom,United States,43.9134017,-95.1094083
MXF,Maxwell Afb,Montgomery,United States,32.382944,-86.365778
MXY,McCarthy Airport,McCarthy,United States,61.4370608,-142.9030737
MYF,Montgomery Field,San Diego,United States,32.4759,117.759
MYL,McCall Municipal Airport,McCall,United States,44.889722,-116.101389
MYR,Myrtle Beach Intl,Myrtle Beach,United States,33.67975,-78.928333
MYU,Mekoryuk Airport,Mekoryuk,United States,60.3714,-166.271
MYV,Yuba County Airport,Yuba City,United States,39.0553,-121.3411
MZJ,Pinal Airpark,Marana,United States,32.509722,-111.325278
N53,Stroudsburg-Pocono Airport,East Stroudsburg,United States,41.0358717,-75.1606789
N69,Stormville Airport,Stormville,United States,41.5769708,-73.7323514
N87,Trenton-Robbinsville Airport,Trenton,United States,40.2139444,-74.6017778
NBG,New Orleans Nas Jrb,New Orleans,United States,29.825333,-90.035
NCN,Chenega Bay Airport,Chenega,United States,60.077222,-147.991944
NEL,Lakehurst Naes,Lakehurst,United States,40.033333,-74.353333
NFL,Fallon Nas,Fallon,United States,39.416584,-118.70098
NGF,Kaneohe Bay Mcaf,Kaneohe Bay,United States,21.450453,-157.768
NGP,Corpus Christi NAS,Corpus Christi,United States,27.692701,-97.290376
NGU,Norfolk Ns,Norfolk,United States,36.937644,-76.289289
NGZ,NAS Alameda,Alameda,United States,37.7861,-122.3186
NHK,Patuxent River Nas,Patuxent River,United States,38.285981,-76.411781
NIB,Nikolai Airport,Nikolai,United States,63.010833,-154.383889
NID,China Lake Naws,China,United States,35.685422,-117.692039
NIP,Jacksonville Nas,Jacksonville,United States,30.235834,-81.680556
NJK,El Centro Naf,El Centro,United States,32.829222,-115.671667
NKT,Cherry Point Mcas,Cherry Point,United States,34.900872,-76.880733
NKX,Miramar Mcas,Miramar,United States,32.867694,-117.14175
NLC,Lemoore Nas,Lemoore,United States,36.333012,-119.95208
NLG,Nelson Lagoon,Nelson Lagoon,United States,56.0075,-161.160278
NME,Nightmute Airport,Nightmute,United States,60.471111,-164.700833
NMM,Meridian Nas,Meridian,United States,32.552083,-88.555557
NNL,Nondalton Airport,Nondalton,United States,59.966944,-154.851667
NOW,Port Angeles Cgas,Port Angeles,United States,48.141481,-123.414075
NPA,Pensacola Nas,Pensacola,United States,30.352656,-87.318647
NPZ,Porter County Municipal Airport,Valparaiso,United States,41.4539722,-87.0070833
NQA,Millington Rgnl Jetport,Millington,United States,35.356667,-89.870278
NQI,Kingsville Nas,Kingsville,United States,27.507223,-97.809723
NQX,Key West Nas,Key West,United States,24.575834,-81.688889
NSE,Whiting Fld Nas North,Milton,United States,30.724167,-87.021944
NTD,Point Mugu Nas,Point Mugu,United States,34.120285,-119.12094
NTU,Oceana Nas,Oceana,United States,36.820703,-76.033542
NUI,Nuiqsut Airport,Nuiqsut,United States,70.21,-151.005556
NUL,Nulato Airport,Nulato,United States,64.729444,-158.074167
NUP,Nunapitchuk Airport,Nunapitchuk,United States,60.905833,-162.439167
NUQ,Moffett Federal Afld,Mountain View,United States,37.416142,-122.049139
NUW,Whidbey Island Nas,Whidbey Island,United States,48.351803,-122.655906
NXP,Twentynine Palms Eaf,Twenty Nine Palms,United States,34.296161,-116.162203
NXX,Willow Grove Nas Jrb,Willow Grove,United States,40.199833,-75.148167
NY9,Long Lake,Long Lake,United States,43.9750617,-74.42044
NYC,All Airports,New York,United States,40.714167,-74.005833
NYG,Quantico Mcaf,Quantico,United States,38.501683,-77.305333
NZC,Cecil Field,Jacksonville,United States,30.2187,-81.8767
NZJ,El Toro,Santa Ana,United States,33.676132,-117.731164
NZY,North Island Nas,San Diego,United States,32.699219,-117.21531
O03,Morgantown Airport,Morgantown,United States,40.1570414,-75.8704892
O27,Oakdale Airport,Oakdale,United States,37.7563333,-120.8001944
OAJ,Albert J Ellis,Jacksonville NC,United States,34.829164,-77.612139
OAK,Metropolitan Oakland Intl,Oakland,United States,37.721278,-122.220722
OAR,Marina Muni,Fort Ord,United States,36.681878,-121.762347
OBE,County,Okeechobee,United States,27.265833,-80.851111
OBU,Kobuk Airport,Kobuk,United States,66.912222,-156.897222
OCA,Key Largo,Ocean Reef Club Airport,United States,25.325393,-80.274775
OCF,International Airport,Ocala,United States,29.1725,-82.224167
OEB,Branch County Memorial Airport,Coldwater,United States,41.9335691,-85.0522935
OFF,Offutt Afb,Omaha,United States,41.118332,-95.912511
OGG,Kahului,Kahului,United States,20.89865,-156.430458
OGS,Ogdensburg Intl,Ogdensburg,United States,44.681854,-75.4655
OKC,Will Rogers World,Oklahoma City,United States,35.393089,-97.600733
OLF,LM Clayton Airport,Wolf Point,United States,48.094444,-105.575
OLH,Old Harbor Airport,Old Harbor,United States,57.218056,-153.269722
OLM,Olympia Regional Airpor,Olympia,United States,46.9694044,-122.9025447
OLS,Nogales Intl,Nogales,United States,31.417722,-110.84789
OLV,Olive Branch Muni,Olive Branch,United States,34.876944,-89.783333
OMA,Eppley Afld,Omaha,United States,41.303167,-95.894069
OME,Nome,Nome,United States,64.512203,-165.445247
OMN,Ormond Beach municipal Airport,Ormond Beach,United States,29.1804,-81.06497
ONH,Oneonta Municipal Airport,Oneonta,United States,42.524722,-75.064444
ONP,Newport Municipal Airport,Newport,United States,44.580361,-124.057917
ONT,Ontario Intl,Ontario,United States,34.056,-117.601194
OOK,Toksook Bay Airport,Toksook Bay,United States,60.541389,-165.087222
OPF,Opa Locka,Miami,United States,25.907,-80.278389
OQU,Quonset State Airport,North Kingstown,United States,41.5971389,-71.4121389
ORD,Chicago Ohare Intl,Chicago,United States,41.978603,-87.904842
ORF,Norfolk Intl,Norfolk,United States,36.894611,-76.201222
ORH,Worcester Regional Airport,Worcester,United States,42.2673,-71.8757
ORI,Port Lions Airport,Port Lions,United States,57.885278,-152.846111
ORL,Executive,Orlando,United States,28.545464,-81.332936
ORT,Northway,Northway,United States,62.961334,-141.929136
ORV,Robert Curtis Memorial Airport,Noorvik,United States,66.8175,-161.022222
OSC,Oscoda Wurtsmith,Oscoda,United States,44.451558,-83.394053
OSH,Wittman Regional Airport,Oshkosh,United States,44.024983,-88.551336
OSU,Ohio State University Airport,Columbus,United States,40.0798,-83.073
OTH,Southwest Oregon Regional Airport,North Bend,United States,43.4171,-124.246
OTS,Anacortes Airport,Anacortes,United States,48.498889,-122.6625
OTZ,Ralph Wien Mem,Kotzebue,United States,66.884678,-162.59855
OWB,Owensboro Daviess County Airport,Owensboro,United States,37.7401,-87.1668
OWD,Norwood Memorial Airport,Norwood,United States,42.1905278,-71.1729444
OXC,Waterbury-Oxford Airport,Oxford,United States,41.4785556,-73.13525
OXD,Miami University Airport,Oxford,United States,39.5022607,-84.7843814
OXR,Oxnard - Ventura County,Oxnard,United States,34.200833,-119.207222
OZA,Ozona Muni,Ozona,United States,30.735281,-101.202972
P08,Coolidge Municipal Airport,Cooldige,United States,32.93590164,-111.427002
P52,Cottonwood Airport,Cottonwood,United States,34.72999954,-112.0350037
PAE,Snohomish Co,Everett,United States,47.906342,-122.281564
PAH,Barkley Regional Airport,PADUCAH,United States,37.0602875,-88.7729583
PAM,Tyndall Afb,Panama City,United States,30.069567,-85.575417
PAO,Palo Alto Airport of Santa Clara County,Palo Alto,United States,37.4611111,-122.1150556
PAQ,Palmer Muni,Palmer,United States,61.594914,-149.088711
PBF,Grider Fld,Pine Bluff,United States,34.173142,-91.935597
PBG,Plattsburgh Intl,Plattsburgh,United States,44.650944,-73.468139
PBI,Palm Beach Intl,West Palm Beach,United States,26.683161,-80.095589
PBV,St George,Point Barrow,United States,56.578344,-169.661611
PBX,Pike County Airport - Hatcher Field,Pikeville,United States,37.5617639,-82.5663889
PCW,Erie-Ottawa Regional Airport,Port Clinton,United States,41.5162703,-82.8694868
PCZ,Waupaca Municipal Airport,Waupaca,United States,44.33325,-89.0197778
PDB,Pedro Bay Airport,Pedro Bay,United States,59.782222,-154.1325
PDK,Dekalb-Peachtree Airport,Atlanta,United States,33.8756111,-84.3019722
PDT,Eastern Oregon Regional Airport,Pendleton,United States,45.695,-118.841389
PDX,Portland Intl,Portland,United States,45.588722,-122.5975
PEC,Pelican Seaplane Base,Pelican,United States,57.955278,-136.236389
PEQ,Pecos Municipal Airport,Pecos,United States,31.3823889,-103.5107222
PFN,Panama City Bay Co Intl,Panama City,United States,30.212083,-85.682806
PGA,Page Municipal Airport,Page,United States,36.9261,-111.4483
PGD,Charlotte County-Punta Gorda Airport,Punta Gorda,United States,26.919722,-81.990556
PGV,Pitt-Greenville Airport,Greenville,United States,35.635278,-77.385278
PHD,Harry Clever Field Airport,New Philadelpha,United States,40.4701667,-81.4199444
PHF,Newport News Williamsburg Intl,Newport News,United States,37.131894,-76.492989
PHK,Pahokee Airport,Pahokee,United States,26.789,-80.692
PHL,Philadelphia Intl,Philadelphia,United States,39.871944,-75.241139
PHN,St Clair Co Intl,Port Huron,United States,42.910957,-82.528862
PHO,Point Hope Airport,Point Hope,United States,68.3488,-166.799
PHX,Phoenix Sky Harbor Intl,Phoenix,United States,33.434278,-112.011583
PIA,Peoria Regional,Peoria,United States,40.664203,-89.693258
PIB,Hattiesburg Laurel Regional Airport,Hattiesburg/Laurel,United States,31.4671,-89.3371
PIE,St Petersburg Clearwater Intl,St. Petersburg,United States,27.910167,-82.687389
PIH,Pocatello Regional Airport,Pocatello,United States,42.9098,-112.596
PIM,Harris County Airport,Pine Mountain,United States,32.8406944,-84.8824444
PIP,Pilot Point Airport,Pilot Point,United States,57.585393,-157.571944
PIR,Pierre Regional Airport,Pierre,United States,44.3827,-100.286
PIT,Pittsburgh Intl,Pittsburgh,United States,40.491467,-80.232872
PIZ,Point Lay Lrrs,Point Lay,United States,69.732875,-163.005342
PKB,Mid-Ohio Valley Regional Airport,PARKERSBURG,United States,39.3451039,-81.4392031
PLN,Pellston Regional Airport of Emmet County Airport,Pellston,United States,45.5709,-84.7967
PMB,Pembina Muni,Pembina,United States,48.942501,-97.240833
PMD,Palmdale Rgnl Usaf Plt 42,Palmdale,United States,34.629391,-118.08456
PML,Port Moller Airport,Cold Bay,United States,56.006111,-160.560833
PMP,Pompano Beach Airpark,Pompano Beach,United States,26.2471389,-80.1110556
PNC,Ponca City Rgnl,Ponca City,United States,36.731958,-97.099781
PNE,Northeast Philadelphia,Philadelphia,United States,40.081944,-75.010586
PNM,Princeton Muni,Princeton,United States,45.559868,-93.608217
PNS,Pensacola Rgnl,Pensacola,United States,30.473425,-87.186611
POB,Pope Field,Fort Bragg,United States,35.170883,-79.014472
POC,Brackett Field,La Verne,United States,34.0916667,-117.7817778
POE,Polk Aaf,Fort Polk,United States,31.044833,-93.191667
POF,Poplar Bluff Municipal Airport,Poplar Bluff,United States,36.77394444,-90.3248611
PPC,Prospect Creek Airport,Prospect Creek,United States,66.814167,-150.643611
PPV,Port Protection Seaplane Base,Port Protection,United States,56.328889,-133.61
PQI,Northern Maine Rgnl At Presque Isle,Presque Isle,United States,46.688958,-68.044797
PRC,Ernest A Love Fld,Prescott,United States,34.654472,-112.419583
PSC,Tri Cities Airport,Pasco,United States,46.2647,-119.119
PSG,Petersburg James A. Johnson,Petersburg,United States,56.801667,-132.945278
PSM,Pease International Tradeport,Portsmouth,United States,43.0779,-70.8233
PSP,Palm Springs Intl,Palm Springs,United States,33.829667,-116.506694
PSX,Palacios Muni,Palacios,United States,28.727508,-96.250958
PTB,Dinwiddie County Airport,Petersburg,United States,37.18375,-77.507388
PTH,Port Heiden Airport,Port Heiden,United States,56.9591,-158.633
PTK,Oakland Co. Intl,Pontiac,United States,42.667,-83.35
PTU,Platinum,Port Moller,United States,59.011356,-161.819664
PUB,Pueblo Memorial,Pueblo,United States,38.289085,-104.496572
PUC,Carbon County Regional-Buck Davis Field,Price,United States,39.609722,-110.75278
PUW,Pullman-Moscow Rgnl,Pullman,United States,46.743861,-117.109583
PVC,Provincetown Muni,Provincetown,United States,42.071945,-70.22139
PVD,Theodore Francis Green State,Providence,United States,41.732581,-71.420383
PVU,Provo Municipal Airport,Provo,United States,40.21805555,-111.7222222
PWK,Chicago Executive,Chicago-Wheeling,United States,42.1142897,-87.9015376
PWM,Portland Intl Jetport,Portland,United States,43.646161,-70.309281
PWT,Bremerton National,Bremerton,United States,47.490244,-122.764814
PYM,Plymouth Municipal Airport,Plymouth,United States,41.9090278,-70.7287778
PYP,Centre-Piedmont-Cherokee County Regional Airport,Centre,United States,34.0899167,-85.6100833
R49,Ferry County Airport,Republic,United States,48.7182058,-118.6564714
RAC,John H. Batten Airport,Racine,United States,42.7605,-87.8152
RAL,Riverside Muni,Riverside,United States,33.951875,-117.445103
RAP,Rapid City Regional Airport,Rapid City,United States,44.045278,-103.057222
RBD,Dallas Executive Airport,Dallas,United States,32.680833,-96.868333
RBK,French Valley Airport,Murrieta-Temecula,United States,33.5741791,-117.1284732
RBM,Robinson Aaf,Robinson,United States,34.850089,-92.300153
RBN,Fort Jefferson,Fort Jefferson - Dry Tortugas,United States,24.61667,-82.86667
RBY,Ruby Airport,Ruby,United States,64.7272,-155.47
RCA,Ellsworth Afb,Rapid City,United States,44.145042,-103.103567
RCE,Roche Harbor Seaplane Base,Roche Harbor,United States,48.608056,-123.159722
RCZ,Richmond County Airport,Rockingham,United States,34.8913056,-79.7596111
RDD,Redding Muni,Redding,United States,40.509,-122.293389
RDG,Reading Regional Carl A Spaatz Field,Reading,United States,40.3785,-75.9652
RDM,Roberts Fld,Redmond-Bend,United States,44.254066,-121.149964
RDR,Grand Forks Afb,Red River,United States,47.961098,-97.401194
RDU,Raleigh Durham Intl,Raleigh-durham,United States,35.877639,-78.787472
RDV,Red Devil Airport,Red Devil,United States,61.788056,-157.350278
REI,Redlands Municipal Airport,Redlands,United States,34.08525,-117.146388
RFD,Chicago Rockford International Airport ,Rockford,United States,42.1953611,-89.0972222
RHI,Rhinelander Oneida County Airport,Rhinelander,United States,45.6312,-89.4675
RIC,Richmond Intl,Richmond,United States,37.505167,-77.319667
RID,Richmond Municipal Airport,Richmond,United States,39.7561006,-84.8427175
RIF,Richfield Minicipal Airport,Richfield,United States,38.7364361,-112.0989444
RIL,Garfield County Regional Airport,Rifle,United States,39.5263056,-107.7269444
RIR,Flabob Airport,Riverside,United States,33.988778,-117.409971
RIU,Rancho Murieta,Rancho Murieta,United States,38.486778,-121.102778
RIV,March Arb,Riverside,United States,33.880711,-117.259453
RIW,Riverton Regional,Riverton WY,United States,43.064167,-108.459722
RKD,Knox County Regional Airport,Rockland,United States,44.0601111,-69.0992303
RKH,Rock Hill York Co Bryant Airport,Rock Hill,United States,34.9878,-81.0572
RKP,Aransas County Airport,Rockport,United States,28.0862222,-97.0436944
RKS,Rock Springs Sweetwater County Airport,Rock Springs,United States,41.5942,-109.065
RME,Griffiss Afld,Rome,United States,43.2338,-75.407033
RMG,Richard B Russell Airport,Rome,United States,34.3507778,-85.1586667
RMP,Rampart Airport,Rampart,United States,65.507778,-150.140833
RMY,Brooks Field Airport,Marshall,United States,42.2511932,-84.9554443
RND,Randolph Afb,San Antonio,United States,29.529675,-98.2789
RNM,Ramona Airport,Ramona,United States,33.0391667,-116.91525
RNO,Reno Tahoe Intl,Reno,United States,39.499108,-119.768108
RNT,Renton,Renton,United States,47.4931389,-122.21575
ROA,Roanoke Regional,Roanoke VA,United States,37.325472,-79.975417
ROC,Greater Rochester Intl,Rochester,United States,43.118866,-77.672389
ROW,Roswell Intl Air Center,Roswell,United States,33.301556,-104.530556
RSH,Russian Mission Airport,Russian Mission,United States,61.775,-161.319444
RSJ,Rosario Seaplane Base,Rosario,United States,48.645556,-122.868056
RST,Rochester,Rochester,United States,43.908283,-92.500014
RSW,Southwest Florida Intl,Fort Myers,United States,26.536167,-81.755167
RUT,Rutland State Airport,Rutland,United States,43.5294,-72.9496
RVS,Richard Lloyd Jones Jr Airport,Tulsa,United States,36.0396111,-95.9846389
RWI,Rocky Mount Wilson Regional Airport,Rocky Mount,United States,35.8563,-77.8919
RWL,Rawlins Municipal Airport-Harvey Field,Rawlins,United States,41.8055975,-107.19994
RYY,Cobb County Airport-Mc Collum Field,Atlanta,United States,34.0131569,-84.5970556
S46,Port O\\'Connor Airfield,Port O\\'Connor,United States,28.429977,-96.442859
SAA,Shively Field Airport,SARATOGA,United States,41.4448594,-106.8235264
SAC,Sacramento Executive,Sacramento,United States,38.512524,-121.49347
SAD,Safford Regional Airport,Safford,United States,32.8533333,-109.6350833
SAF,Santa Fe Muni,Santa Fe,United States,35.617108,-106.089422
SAN,San Diego Intl,San Diego,United States,32.733556,-117.189667
SAT,San Antonio Intl,San Antonio,United States,29.533694,-98.469778
SAV,Savannah Hilton Head Intl,Savannah,United States,32.127583,-81.202139
SBA,Santa Barbara Muni,Santa Barbara,United States,34.426211,-119.840372
SBD,San Bernardino International Airport,San Bernardino,United States,34.0953521,-117.2348722
SBM,Sheboygan County Memorial Airport,Sheboygan,United States,43.7696,-87.851402
SBN,South Bend Rgnl,South Bend,United States,41.708661,-86.31725
SBO,Emanuel Co,Santa Barbara,United States,32.609139,-82.369944
SBP,San Luis County Regional Airport,San Luis Obispo,United States,35.2368,-120.642
SBS,Steamboat Springs Airport-Bob Adams Field,Steamboat Springs,United States,40.51625,-106.8663056
SBY,Salisbury Ocean City Wicomico Rgnl,Salisbury,United States,38.340525,-75.510289
SCC,Deadhorse,Deadhorse,United States,70.19475,-148.465167
SCE,University Park Airport,State College Pennsylvania,United States,40.849278,-77.848694
SCH,Stratton ANGB - Schenectady County Airpor,Scotia NY,United States,42.85245555,-73.92886667
SCK,Stockton Metropolitan,Stockton,United States,37.894167,-121.238306
SCM,Scammon Bay Airport,Scammon Bay,United States,61.845278,-165.571389
SDC,Williamson-Sodus Airport,Williamson,United States,43.2347904,-77.119444
SDF,Louisville International Airport,Louisville,United States,38.1740858,-85.7364989
SDM,Brown Field Municipal Airport,San Diego,United States,32.5722722,-116.9801611
SDP,Sand Point Airport,Sand Point,United States,55.315,-160.523
SDX,Sedona,Sedona,United States,34.848628,-111.788472
SDY,Sidney-Richland Municipal Airport,Sidney,United States,47.706944,-104.1925
SEA,Seattle Tacoma Intl,Seattle,United States,47.449,-122.309306
SEE,Gillespie,El Cajon,United States,32.8262222,-116.9724444
SEF,Regional - Hendricks AAF,Sebring,United States,27.456389,-81.342222
SEM,Craig Fld,Selma,United States,32.343947,-86.987803
SES,Selfield Airport,Selma Alabama,United States,32.4404,-86.9522
SFB,Orlando Sanford Intl,Sanford,United States,28.777639,-81.237489
SFF,Felts Fld,Spokane,United States,47.682819,-117.322558
SFM,Sanford Regional,Sanford ME,United States,43.39383,-70.708
SFO,San Francisco Intl,San Francisco,United States,37.618972,-122.374889
SFZ,North Central State,Smithfield,United States,41.920764,-71.491381
SGF,Springfield Branson Natl,Springfield,United States,37.245667,-93.388639
SGH,Springfield-Beckly Municipal Airport,Springfield,United States,39.8402778,-83.8401667
SGJ,St. Augustine Airport,St. Augustine,United States,29.95925,-81.3397222
SGR,Sugar Land Regional Airport,Sugar Land,United States,29.62225,-95.6565278
SGU,St George Muni,Saint George,United States,37.090583,-113.593056
SGY,Skagway Airport,Skagway,United States,59.4601,-135.316
SHD,Shenandoah Valley Regional Airport,Weyers Cave,United States,38.263889,-78.896389
SHG,Shungnak Airport,Shungnak,United States,66.888056,-157.1625
SHH,Shishmaref Airport,Shishmaref,United States,66.2496,-166.089
SHR,Sheridan County Airport,Sheridan,United States,44.7692,-106.98
SHV,Shreveport Rgnl,Shreveport,United States,32.446629,-93.8256
SHX,Shageluk Airport,Shageluk,United States,62.692222,-159.569167
SIK,Sikeston Memorial Municipal,Sikeston,United States,36.8988889,-89.56175
SIT,Sitka Rocky Gutierrez,Sitka,United States,57.047138,-135.361611
SJC,Norman Y Mineta San Jose Intl,San Jose,United States,37.3626,-121.929022
SJT,San Angelo Rgnl Mathis Fld,San Angelo,United States,31.35775,-100.496306
SKA,Fairchild Afb,Spokane,United States,47.615058,-117.655772
SKF,Lackland Afb Kelly Fld Annex,San Antonio,United States,29.384228,-98.581108
SKK,Shaktoolik Airport,Shaktoolik,United States,64.371111,-161.223889
SKY,Griffing Sandusky,Sandusky,United States,41.433361,-82.652333
SLC,Salt Lake City Intl,Salt Lake City,United States,40.788389,-111.977772
SLE,McNary Field,Salem,United States,44.9095,-123.003
SLK,Adirondack Regional Airport,Saranac Lake,United States,44.3853,-74.2062
SLN,Salina Municipal Airport,Salina,United States,38.791,-97.6522
SLQ,Sleetmute Airport,Sleetmute,United States,61.700566,-157.165833
SMD,Smith Fld,Fort Wayne IN,United States,41.143353,-85.152778
SME,Lake Cumberland Regional Airport,Somerset,United States,37.053611,-84.615556
SMF,Sacramento Intl,Sacramento,United States,38.695417,-121.590778
SMK,St. Michael Airport,St. Michael,United States,63.49,-162.110278
SMN,Lemhi County Airport,Salmon,United States,45.123889,-113.881389
SMO,Santa Monica Municipal Airport,Santa Monica,United States,34.0158333,-118.4513056
SMX,Santa Maria Pub Cpt G Allan Hancock Airport,Santa Maria,United States,34.8989,-120.457
SNA,John Wayne Arpt Orange Co,Santa Ana,United States,33.675667,-117.868222
SNP,St Paul Island,St. Paul Island,United States,57.167333,-170.220444
SNY,Sidney Muni Airport,Sidney,United States,41.10167,-102.985
SOP,Moore County Airport,Pinehurst-Southern Pines,United States,35.2376111,-79.3887958
SOW,Show Low Regional Airport,Show Low,United States,34.265556,-110.005556
SPB,Scappoose Industrial Airpark,San Luis,United States,45.771028,-122.861833
SPF,Black Hills Airport-Clyde Ice Field,Spearfish-South Dakota,United States,44.4811407,-103.7860053
SPG,Albert Whitted,St. Petersburg,United States,27.765111,-82.626972
SPI,Abraham Lincoln Capital,Springfield,United States,39.8441,-89.677889
SPS,Sheppard Afb Wichita Falls Muni,Wichita Falls,United States,33.988797,-98.491894
SPW,Spencer Muni,Spencer,United States,43.165527,-95.202805
SPZ,Silver Springs Airport,Silver Springs,United States,39.4030278,-119.2511944
SQL,San Carlos Airport,San Carlos,United States,37.511944,-122.249444
SRQ,Sarasota Bradenton Intl,Sarasota,United States,27.395444,-82.554389
SRR,Sierra Blanca Regional Airport,Ruidoso,United States,33.46285,-105.534751
SRV,Stony River 2 Airport,Stony River,United States,61.7875,-156.591111
SSC,Shaw Afb,Sumter,United States,33.972719,-80.470564
SSI,McKinnon Airport,Brunswick,United States,31.1519722,-81.3910556
STC,Saint Cloud Regional Airport,Saint Cloud,United States,45.546556,-94.059889
STE,Stevens Point Municipal Airport,Stevens Point,United States,44.5451356,-89.5302844
STG,St. George Airport,St. George,United States,56.577222,-169.663611
STJ,Rosecrans Mem,Rosecrans,United States,39.771944,-94.909706
STK,Sterling Municipal Airport,Sterling,United States,40.6153136,-103.2648454
STL,Lambert St Louis Intl,St. Louis,United States,38.748697,-90.370028
STS,Charles M Schulz Sonoma Co,Santa Rosa,United States,38.508978,-122.81288
SUA,Witham Field Airport,Stuart,United States,27.1816996,-80.221294
SUE,Door County Cherryland Airport,Sturgeon Bay,United States,44.8436667,-87.4215556
SUN,Friedman Mem,Hailey,United States,43.504444,-114.296194
SUS,Spirit Of St Louis,Null,United States,38.662119,-90.652044
SUU,Travis Afb,Fairfield,United States,38.262692,-121.927464
SUX,Sioux Gateway Col Bud Day Fld,Sioux City,United States,42.402603,-96.384367
SVA,Savoonga Airport,Savoonga,United States,63.6864,-170.493
SVC,Grant County Airport,Silver City,United States,32.6365,-108.156
SVH,Regional Airport,Statesville,United States,35.7649958,-80.9538958
SVN,Hunter Aaf,Hunter Aaf,United States,32.01,-81.145683
SVW,Sparrevohn Lrrs,Sparrevohn,United States,61.097369,-155.574228
SWD,Seward Airport,Seward,United States,60.1269383,-149.4188122
SWF,Stewart Intl,Newburgh,United States,41.504094,-74.104839
SXP,Sheldon Point Airport,Nunam Iqua,United States,62.520556,-164.847778
SXQ,Soldotna Airport,Soldotna,United States,60.4749583,-151.0382389
SYA,Eareckson As,Shemya,United States,52.712275,174.11362
SYB,Seal Bay Seaplane Base,Seal Bay,United States,58.166667,-152.5
SYR,Syracuse Hancock Intl,Syracuse,United States,43.111187,-76.106311
SZL,Whiteman Afb,Knobnoster,United States,38.730306,-93.547864
TAL,Tanana Airport,Tanana,United States,65.179556,-152.075833
TAN,Taunton Municipal Airport - King Field,Taunton,United States,41.8744017,-71.0166453
TBN,Waynesville Rgnl Arpt At Forney Fld,Fort Leonardwood,United States,37.741631,-92.140736
TCC,Tucumcari Muni,Tucumcari,United States,35.182777,-103.603186
TCL,Tuscaloosa Rgnl,Tuscaloosa AL,United States,33.220627,-87.611403
TCM,Mc Chord Afb,Tacoma,United States,47.137678,-122.476475
TCS,Truth Or Consequences Muni,Truth Or Consequences,United States,33.236944,-107.27175
TCT,Takotna Airport,Takotna,United States,62.971944,-156.082778
TEB,Teterboro,Teterboro,United States,40.850103,-74.060837
TEK,Tatitlek Airport,Tatitlek,United States,60.8725,-146.691111
TEX,Telluride,Telluride,United States,37.953759,-107.90848
TIK,Tinker Afb,Oklahoma City,United States,35.414739,-97.386633
TIW,Tacoma Narrows Airport,Tacoma,United States,47.267944,-122.57811
TKA,Talkeetna,Talkeetna,United States,62.3205,-150.093694
TKE,Tenakee Seaplane Base,Tenakee Springs,United States,57.779722,-135.218333
TKF,Truckee-Tahoe Airport,Truckee,United States,39.3200422,-120.1395628
TKI,Collin County Regional Airport at Mc Kinney,DALLAS,United States,33.1779444,-96.5905278
TLA,Teller Airport,Teller,United States,65.240278,-166.339444
TLH,Tallahassee Rgnl,Tallahassee,United States,30.396528,-84.350333
TLJ,Tatalina Lrrs,Tatalina,United States,62.894369,-155.976525
TLT,Tuluksak Airport,Tuluksak,United States,61.096944,-160.969444
TMA,Henry Tift Myers Airport,Tifton,United States,31.4289814,-83.488545
TMB,Kendall Tamiami Executive,Kendall-tamiami,United States,25.647889,-80.432777
TNC,Tin City LRRS Airport,Tin City,United States,65.563056,-167.921667
TNK,Tununak Airport,Tununak,United States,60.575556,-165.271667
TNT,Dade Collier Training And Transition,Miami,United States,25.861806,-80.897
TNX,Tonopah Test Range,Tonopah,United States,37.798836,-116.78075
TOA,Zamperini Field Airport,Torrance,United States,33.803392,-118.339611
TOC,Toccoa RG Letourneau Field Airport,Toccoa,United States,34.5928117,-83.2963717
TOG,Togiak Airport,Togiak Village,United States,59.0528,-160.397
TOL,Toledo,Toledo,United States,41.586806,-83.807833
TOP,Philip Billard Muni,Topeka,United States,39.068657,-95.622482
TPA,Tampa Intl,Tampa,United States,27.975472,-82.53325
TPL,Draughon Miller Central Texas Rgnl,Temple,United States,31.1525,-97.407778
TRI,Tri-Cities Regional Airport,BRISTOL,United States,36.4752222,-82.4074167
TRM,Jacqueline Cochran Regional Airport,Palm Springs,United States,33.626666,-116.1596667
TSS,East 34th Street Heliport,New York,United States,40.7425,-73.971944
TTD,Portland Troutdale,Troutdale,United States,45.54937,-122.401253
TTN,Trenton Mercer,Trenton,United States,40.276692,-74.813469
TUL,Tulsa Intl,Tulsa,United States,36.198389,-95.888111
TUP,Tupelo Regional Airport,Tupelo,United States,34.2681,-88.7699
TUS,Tucson Intl,Tucson,United States,32.116083,-110.941028
TVC,Cherry Capital Airport,Traverse City,United States,44.741445,-85.582235
TVF,Thief River Falls,Thief River Falls,United States,48.065556,-96.185
TVI,Thomasville Regional Airport,Thomasville,United States,30.9017921,-83.8811285
TVL,Lake Tahoe Airport,South Lake Tahoe,United States,38.893889,-119.995278
TWA,Twin Hills Airport,Twin Hills,United States,59.074444,-160.275
TWD,Jefferson County Intl,Port Townsend,United States,48.0314,-122.4838
TWF,Magic Valley Regional Airport,Twin Falls,United States,42.481803,-114.487733
TXK,Texarkana Rgnl Webb Fld,Texarkana,United States,33.453722,-93.991028
TYE,Tyonek Airport,Tyonek,United States,61.076667,-151.138056
TYR,Tyler Pounds Rgnl,Tyler,United States,32.354139,-95.402386
TYS,Mc Ghee Tyson,Knoxville,United States,35.810972,-83.994028
U76,Mountain Home Municipal Airport,Mountain Home,United States,43.1316111,-115.7305671
UDD,Bermuda Dunes Airport,Palm Springs,United States,33.7484375,-116.2748133
UDG,Darlington County Jetport,Darlington,United States,34.4493845,-79.8900608
UES,Waukesha County Airport,Waukesha,United States,43.0410278,-88.2370556
UGN,Waukegan Rgnl,Chicago,United States,42.422161,-87.867908
UIN,Quincy Regional Baldwin Field,Quincy,United States,39.9427,-91.1946
UMP,Indianapolis Metropolitan Airport,Indianapolis,United States,39.935278,-86.045
UNK,Unalakleet Airport,Unalakleet,United States,63.888333,-160.798889
UPP,Upolu,Opolu,United States,20.265256,-155.859989
UST,St. Augustine Airport,St. Augustine Airport,United States,29.959167,-81.339722
UTM,Tunica Municipal Airport,Tunica,United States,34.681,-90.3467
UTO,Indian Mountain Lrrs,Indian Mountains,United States,65.992794,-153.704289
UUK,Ugnu-Kuparuk Airport,Kuparuk,United States,70.330833,-149.5975
UUU,Newport State,Newport RI,United States,41.533056,-71.282222
UVA,Garner Field,Uvalde,United States,29.215429,-99.748962
VAD,Moody Afb,Valdosta,United States,30.967833,-83.193
VAK,Chevak Airport,Chevak,United States,61.5338,-165.584
VAY,South Jersey Regional Airport,Mount Holly,United States,39.9428889,-74.84575
VBG,Vandenberg Afb,Lompoc,United States,34.737333,-120.584306
VCT,Victoria Regional Airport,Victoria,United States,28.8526,-96.9185
VCV,Southern California Logistics,Victorville,United States,34.597453,-117.382997
VDF,Tampa Executive Airport,Tampa,United States,28.0139772,-82.3452778
VDZ,Valdez Pioneer Fld,Valdez,United States,61.133949,-146.248342
VEE,Venetie Airport,Venetie,United States,67.008611,-146.366389
VEL,Vernal Regional Airport,Vernal,United States,40.440833,-109.51
VGT,North Las Vegas Airport,Las Vegas,United States,36.2106944,-115.1944444
VIS,Visalia Municipal Airport,Visalia,United States,36.318611,-119.392778
VLD,Valdosta Regional Airport,Valdosta,United States,30.7825,-83.2767
VNW,Van Wert County Airport,Van Wert,United States,40.8638295,-84.606358
VNY,Van Nuys,Van Nuys,United States,34.209811,-118.489972
VOK,Volk Fld,Camp Douglas,United States,43.938956,-90.253433
VPC,Cartersville Airport,Cartersville,United States,34.1231475,-84.8487067
VPS,Eglin Afb,Valparaiso,United States,30.48325,-86.5254
VRB,Vero Beach Muni,Vero Beach,United States,27.655556,-80.417944
VSF,Hartness State,Springfield VT,United States,43.343333,-72.517222
VYS,Illinois Valley Regional,Peru,United States,41.351944,-89.153056
W13,Eagle's Nest Airport,Waynesboro,United States,38.076944,-78.944167
WAA,Wales Airport,Wales,United States,65.6225,-168.095
WAL,Wallops Flight Facility,Wallops Island,United States,37.940194,-75.466389
WAS,All Airports,Washington,United States,38.889444,-77.035278
WBB,Stebbins Airport,Stebbins,United States,63.515833,-162.278056
WBQ,Beaver Airport,Beaver,United States,66.362222,-147.406667
WBU,Boulder Municipal,Boulder,United States,40.039444,-105.225833
WBW,Wilkes-Barre Wyoming Valley Airport,Wilkes-Barre,United States,41.2973074,-75.8522405
WDR,Barrow County Airport,Winder,United States,33.9828611,-83.6674167
WFB,Ketchikan harbor Seaplane Base,Ketchikan,United States,55.344444,-131.663333
WFK,Northern Aroostook Regional Airport,Frenchville,United States,47.285556,-68.312778
WHD,Hyder Seaplane Base,Hyder,United States,55.903333,-130.006667
WHP,Whiteman Airport,Los Angeles,United States,34.2593253,-118.4134331
WKK,Aleknagik Airport,Aleknagik,United States,59.2826,-158.618
WKL,Waikoloa Heliport,Waikoloa Village,United States,19.9136,-155.864
WLK,Selawik Airport,Selawik,United States,66.6,-159.985833
WMO,White Mountain Airport,White Mountain,United States,64.689167,-163.412778
WRB,Robins Afb,Macon,United States,32.640144,-83.59185
WRG,Wrangell Airport,Wrangell,United States,56.4843,-132.37
WRI,Mc Guire Afb,Wrightstown,United States,40.015556,-74.591667
WRL,Worland Municipal Airport,Worland,United States,43.9657,-107.951
WSD,Condron Aaf,White Sands,United States,32.341484,-106.40277
WSJ,San Juan - Uganik Seaplane Base,San Juan,United States,57.730278,-153.320556
WSN,South Naknek Airport,South Naknek,United States,58.702222,-157.0025
WST,Westerly State Airport,Washington County,United States,41.349722,-71.803333
WSX,Westsound Seaplane Base,Westsound,United States,48.617778,-122.952778
WTK,Noatak Airport,Noatak,United States,67.5661,-162.975
WTL,Tuntutuliak Airport,Tuntutuliak,United States,60.335278,-162.666944
WWD,Cape May Co,Wildwood,United States,39.008507,-74.908275
WWP,North Whale Seaplane Base,North Whale Pass,United States,56.116389,-133.121667
WWT,Newtok Airport,Newtok,United States,60.939167,-164.641111
WYS,Yellowstone Airport,West Yellowstone,United States,44.688333,-111.1175
X01,Everglades Airpark,Everglades,United States,25.8488611,-81.3902778
X07,Lake Wales Municipal Airport,Lake Wales,United States,27.8938056,-81.6203889
X21,Arthur Dunn Airpark,Titusville,United States,28.622552,-80.83541
X39,Tampa North Aero Park,Tampa,United States,28.221278,-82.374555
X49,South Lakeland Airport,Lakeland,United States,27.9333581,-82.0439739
XFL,Flagler County Airport,Flagler,United States,29.2821,-81.1212
XNA,NW Arkansas Regional,Bentonville,United States,36.2818694,-94.3068111
Y51,Municipal Airport,Viroqua,United States,43.5793603,-90.8964742
Y72,Bloyer Field,Tomah,United States,43.9762222,-90.4806111
YAK,Yakutat,Yakutat,United States,59.3012,-139.3937
YIP,Willow Run,Detroit,United States,42.237928,-83.530408
YKM,Yakima Air Terminal McAllister Field,Yakima,United States,46.5682,-120.544
YKN,Chan Gurney,Yankton,United States,42.8711,-97.3969
YNG,Youngstown Warren Rgnl,Youngstown,United States,41.260736,-80.679097
YUM,Yuma Mcas Yuma Intl,Yuma,United States,32.656578,-114.60598
Z84,Clear,Clear Mews,United States,64.301203,-149.120144
ZPH,Municipal Airport,Zephyrhills,United States,28.228056,-82.155833
ZRA,Atlantic City Rail Terminal,Atlantic City NJ,United States,39.3665,-74.442
ZSY,Scottsdale Airport,Scottsdale,United States,33.6228889,-111.9105278
ZUN,Black Rock,Zuni Pueblo,United States,35.083228,-108.791778
